"","Signature_13","Signature_17a","Signature_17b","Signature_18","Signature_2","Signature_3","Signature_30","Signature_34","Signature_41","Signature_5","Signature_8","Signature_85","df.extra"
"A[C>A]A",145.208480889184,NA,283.021794486136,NA,149.262618375809,6300.05651090465,NA,NA,1952.02072758502,442.4175532206,576.867481433689,1499.35360145712,6300.05651090465
"A[C>A]C",246.854525944903,112.728864590385,114.875087716515,NA,99.0440469192886,4175.35781331219,NA,NA,844.215920026495,NA,628.639742387136,1047.90932363316,4175.35781331219
"A[C>A]G",NA,NA,63.8740122085199,71.6147963100922,9.65920908997712,1785.87853801031,NA,151.487403052311,333.781640724246,225.272239906086,NA,389.430305154597,1785.87853801031
"A[C>A]T",190.458402324953,769.60899006394,158.77435417709,775.736444314971,NA,4378.19308149039,NA,232.048056408183,NA,NA,514.222892437013,1239.88347739947,4378.19308149039
"C[C>A]A",NA,158.853332594374,286.690631761047,474.465317239499,211.885705448141,5259.15105819366,NA,174.41681970504,1148.12664044477,NA,NA,1271.49901898979,5259.15105819366
"C[C>A]C",NA,525.591714988303,155.917260962677,475.034548128272,115.274781646357,3627.32698883826,NA,188.525178241366,551.525172506182,NA,NA,954.172408335068,3627.32698883826
"C[C>A]G",NA,111.645502553946,235.492564993543,216.903155361672,81.7116858916744,1659.85975990598,NA,66.89691503818,478.949309678032,NA,NA,466.639448330446,1659.85975990598
"C[C>A]T",183.238974376924,3661.66668411414,188.447223719843,1325.78782895619,NA,3090.85646710747,NA,201.343930281353,NA,NA,1765.46930214573,2750.67470898378,3090.85646710747
"G[C>A]A",NA,88.6153768876453,702.647338402796,447.185876018262,64.822005192635,4545.08655011637,NA,58.671324707974,1206.79728635808,NA,NA,1399.52680663432,4545.08655011637
"G[C>A]C",87.1508816156775,205.044361882743,160.969021593481,449.502163589536,NA,3276.53458238696,NA,NA,792.703774252884,NA,251.678863648176,1127.85665045622,3276.53458238696
"G[C>A]G",NA,59.3129671989297,93.443839424628,129.779563405435,NA,1415.29551838808,NA,38.6700327773867,420.209144435386,406.899999849599,NA,490.707196603102,1415.29551838808
"G[C>A]T",107.024677547867,1311.48597655559,106.837153402257,915.44450231469,NA,3508.21839648592,NA,82.0506833911248,NA,NA,456.076794878166,1807.38164447542,3508.21839648592
"T[C>A]A",298.948152274178,NA,191.260101460251,2160.28589780648,91.2252530190689,5844.62427486444,NA,243.86461972731,NA,NA,1000.01917322318,569.486085087678,5844.62427486444
"T[C>A]C",39.5166242414752,405.029565850509,81.8554799481298,648.368332723772,NA,3927.85866021245,NA,370.252183380056,NA,NA,253.777653597853,984.057805767307,3927.85866021245
"T[C>A]G",3.82258866975438,NA,73.0260268736857,258.025614481311,29.5915638520464,1581.61863764844,NA,205.144482649951,191.491490452388,NA,NA,212.914717762912,1581.61863764844
"T[C>A]T",2254.07171821326,992.561479256199,NA,14544.8491567055,NA,12884.0927450532,NA,NA,NA,NA,10484.9293194423,NA,12884.0927450532
"A[C>G]A",NA,NA,5.92642985082315,NA,3.80962548490675,2821.82469911699,NA,327.087284363504,410.544763405506,247.0428075638,NA,447.133117661422,2821.82469911699
"A[C>G]C",NA,NA,17.5644171218159,NA,NA,1148.90276670531,NA,94.4494850356115,242.39075377272,300.583572272051,94.1223127506202,280.756814188441,1148.90276670531
"A[C>G]G",NA,NA,5.08135498938178,NA,NA,1004.76185371833,NA,101.047869259332,232.956223246375,110.848833498148,NA,181.712678477983,1004.76185371833
"A[C>G]T",NA,NA,NA,NA,NA,2145.5153849371,NA,206.965479560341,406.262063625236,61.2212694687532,NA,339.739062321959,2145.5153849371
"C[C>G]A",NA,NA,NA,NA,NA,1356.60351376232,NA,133.647792635986,322.065079890857,84.5728185725302,34.7378771499093,216.432727372148,1356.60351376232
"C[C>G]C",NA,NA,4.84199624508896,NA,NA,1124.48636694879,NA,99.4732317137375,268.833164894163,246.097820959225,18.1638064081308,203.33661007254,1124.48636694879
"C[C>G]G",NA,21.0248506814151,22.201659749299,63.5199951603155,29.1741566816859,842.001028057405,NA,41.5140088942118,225.105563425035,NA,NA,136.957686476015,842.001028057405
"C[C>G]T",NA,6.78709440692339,13.0712901270459,NA,4.21749477834803,1557.63589541958,NA,175.15117591102,243.353260897429,101.943457048058,NA,311.503640834038,1557.63589541958
"G[C>G]A",NA,NA,11.2112342425333,NA,38.7922254408756,1754.45979496134,NA,96.2633230134028,409.923113769833,36.7556491519015,28.7728789834292,334.116424487624,1754.45979496134
"G[C>G]C",278.614816801169,31.112885072558,NA,NA,139.680603916549,2012.88737793406,NA,NA,363.449896984239,189.237789643007,301.206493269929,532.714663755156,2012.88737793406
"G[C>G]G",40.2715069494881,NA,14.4638638989671,NA,20.6360210488321,1279.96978109029,NA,NA,355.01136721861,113.232719699225,54.1740279403393,311.875023147182,1279.96978109029
"G[C>G]T",44.9019283189038,NA,NA,NA,77.4511353165994,1964.36504334809,NA,NA,555.839949503424,45.2848884549827,116.880633028593,448.140866765897,1964.36504334809
"T[C>G]A",NA,162.355551387811,39.2704786302912,228.670666914456,103.600574678398,2873.17329331501,NA,287.454314560793,604.28609471423,NA,NA,454.677201524888,2873.17329331501
"T[C>G]C",NA,18.3589223599346,15.817052758231,NA,18.008738713049,2390.48360424805,NA,358.103117219462,423.74716266673,342.729658234934,NA,352.227600314465,2390.48360424805
"T[C>G]G",3.1113315445589,NA,3.70197554213272,16.5345520211032,21.6052771079463,1492.52494827497,NA,208.035035183451,267.884503710186,NA,NA,225.888794684963,1492.52494827497
"T[C>G]T",NA,188.33791012955,59.0237607652,NA,54.8393573990346,3837.78735374211,NA,317.494219298902,607.86376712843,705.642499098816,NA,540.861892353611,3837.78735374211
"A[C>T]A",24.0253705208964,1106.56392874608,25.0377027242628,NA,NA,6578.84362143768,NA,912.912206294935,NA,895.956387378696,235.056190722821,2073.7077423325,6578.84362143768
"A[C>T]C",16.5341410420563,688.819631078949,NA,198.125403909851,NA,4177.76309273213,NA,519.156735279664,NA,220.912400119732,213.726436352885,1331.37216813502,4177.76309273213
"A[C>T]G",100.187438876856,2323.5603066085,83.9027905450359,936.305427371833,NA,9867.95017545835,NA,1347.40368738719,NA,920.702678392857,NA,2930.86041832241,9867.95017545835
"A[C>T]T",57.2851151355418,803.753791385835,18.8455266830937,327.042168601144,NA,5700.93705305033,NA,699.364266433952,NA,220.340245343227,NA,1514.07928925574,5700.93705305033
"C[C>T]A",NA,211.752720725619,43.6165978870036,NA,NA,5524.37975295673,NA,599.09412365682,544.447647280271,801.733625835838,7.65587335193455,1252.82277734524,5524.37975295673
"C[C>T]C",NA,567.732407658784,88.7885425862588,NA,NA,4542.68583518646,NA,566.811202097841,139.804259226779,1039.73303464824,621.699756334366,1637.07370741779,4542.68583518646
"C[C>T]G",NA,2402.39258101784,135.405440368228,900.891910557118,NA,8057.24523841963,NA,1213.53306913133,NA,1245.1562039647,156.472811320527,2960.95418006399,8057.24523841963
"C[C>T]T",NA,634.222429814258,26.5055690475672,149.529707796559,NA,6017.45464900297,NA,702.676176724666,221.475396760954,612.297378451299,NA,1470.42406969727,6017.45464900297
"G[C>T]A",NA,1931.30961980161,55.2226921837129,227.157069841025,NA,3774.08666055462,NA,481.071501598713,NA,433.568949150716,544.987769873131,2428.5877832063,3774.08666055462
"G[C>T]C",75.6736744108748,1344.15482267407,117.567073604868,940.517375137591,NA,5721.39867710204,NA,469.706618422621,NA,NA,1208.56109274892,2770.83780824422,5721.39867710204
"G[C>T]G",169.083292844718,3530.49610467025,99.6098668653338,1523.45824297475,NA,7041.76204260361,NA,823.505189157954,NA,NA,1709.90780245322,3763.64513329855,7041.76204260361
"G[C>T]T",136.161436142124,1350.01668254919,69.1417847077036,1093.26223619655,NA,5495.00214177882,NA,494.074819756754,NA,NA,753.478950190157,1937.07098261619,5495.00214177882
"T[C>T]A",NA,502.852984772029,50.9525660904289,708.468995365548,98.349743461813,5599.20081799194,NA,473.798828297462,NA,895.75002033144,NA,1405.05113155731,5599.20081799194
"T[C>T]C",218.625832773433,375.690175590198,NA,852.145218549998,59.1034010921435,6917.00005131823,NA,640.483664172994,NA,NA,756.395450617777,1792.12253615826,6917.00005131823
"T[C>T]G",594.14487883824,559.660356375072,NA,4060.37000003035,NA,9948.57551792075,NA,1051.71222809096,NA,NA,2862.62927458981,1537.78532895508,9948.57551792075
"T[C>T]T",320.191915621431,592.290660768342,NA,1740.21135302842,89.861127551941,8525.95973063213,NA,403.553852098943,NA,NA,1189.02528763057,1917.24185809138,8525.95973063213
"A[T>A]A",NA,NA,18.6725164065806,NA,NA,1411.1814501221,NA,NA,1302.90267976711,NA,182.889291603823,245.968920954119,1411.1814501221
"A[T>A]C",NA,NA,NA,NA,NA,1964.40579559662,NA,303.832823634606,213.474352830791,71.6290853073724,NA,297.016713943334,1964.40579559662
"A[T>A]G",NA,NA,3.96964522813803,9.78109218123548,5.11024190867685,2886.5949467671,NA,447.48586644661,331.523905056086,208.275220434607,NA,421.315345226268,2886.5949467671
"A[T>A]T",NA,106.963292810606,NA,111.294089036525,NA,2373.2198710829,NA,286.903593638858,125.928494793653,209.733496657554,55.2309560842681,414.832339701493,2373.2198710829
"C[T>A]A",NA,NA,3.78988205256261,NA,4.50840073143257,720.818328016184,18.9180617348047,NA,533.131283382339,NA,130.448852288054,185.971937715889,720.818328016184
"C[T>A]C",NA,83.704697063839,2.70224232541677,NA,NA,1612.41425605142,NA,111.963122456345,228.841535653564,230.878378311692,NA,374.670570991991,1612.41425605142
"C[T>A]G",NA,NA,7.58517787666677,NA,NA,1932.33337422278,0.43313403770512,72.5465504128895,546.122610203219,543.153582860562,81.9024610863083,390.668241739173,1932.33337422278
"C[T>A]T",NA,NA,NA,NA,NA,2078.38525926334,NA,108.689363281984,296.152782294328,268.570655297717,10.7196234503856,382.591504412054,2078.38525926334
"G[T>A]A",NA,NA,15.1377180786592,NA,NA,724.253407367061,4.29345570084231,NA,958.381338738116,NA,113.554918536965,129.7752369063,724.253407367061
"G[T>A]C",NA,42.2717863853382,9.21435361792625,NA,NA,887.920139447444,NA,81.798527389572,201.633308034194,NA,69.4190361052537,195.299813481187,887.920139447444
"G[T>A]G",NA,NA,NA,NA,NA,1507.28163620273,NA,131.792378326099,345.947421441134,230.360287088146,6.38069663365812,251.809652971224,1507.28163620273
"G[T>A]T",NA,NA,NA,NA,NA,1329.61996880707,NA,124.401120587475,184.978483264067,103.751761272898,NA,135.184803561587,1329.61996880707
"T[T>A]A",NA,NA,32.6236438209597,NA,10.8863154067648,1243.99863343592,NA,NA,1046.79692484888,NA,111.671319831289,146.454871230163,1243.99863343592
"T[T>A]C",NA,NA,NA,NA,NA,1443.90424127992,NA,162.87585937241,210.879187379307,0.375863999526534,75.5737155522567,255.494255408455,1443.90424127992
"T[T>A]G",NA,NA,NA,NA,NA,1098.09686590341,NA,92.1953370832713,230.799259430844,178.376725311191,NA,177.212408473279,1098.09686590341
"T[T>A]T",NA,NA,NA,123.050060597737,NA,2359.13929705657,NA,197.354216077711,63.185053106995,42.3198005191398,68.6509757132454,300.710912504873,2359.13929705657
"A[T>C]A",NA,201.047034764826,32.9562786078262,276.268167583051,NA,6227.46972368391,NA,660.085060226341,507.442828031859,515.518369340897,NA,998.534171436007,6227.46972368391
"A[T>C]C",42.7654310354268,171.675299145522,NA,229.693453034175,NA,4297.88314556705,NA,398.930392117407,532.402156286455,NA,181.259700333137,727.9498334602,4297.88314556705
"A[T>C]G",NA,301.924905010295,26.4070370687704,3.2228067446131,NA,7984.80207025638,NA,1233.81775997658,882.63391949113,510.396255013328,NA,1129.93169120494,7984.80207025638
"A[T>C]T",20.9651329194634,202.130580578379,NA,344.870192406234,NA,6622.36641942987,NA,897.445798935868,407.237595868615,309.498967277001,NA,818.320575078438,6622.36641942987
"C[T>C]A",NA,94.5774434408188,18.556211719639,NA,NA,3075.10227993892,NA,299.37872426712,519.12761261497,595.602721796445,171.355254189935,567.251506949267,3075.10227993892
"C[T>C]C",223.752622346993,139.664722861963,52.6204925978861,NA,NA,5061.60441537984,NA,NA,1206.92657440357,903.745151617636,616.488250229834,1473.6144911664,5061.60441537984
"C[T>C]G",NA,415.575420477184,81.5344408086768,NA,NA,5750.81828207491,NA,762.596030788791,808.354492605729,1427.47808032192,241.881479115935,1051.07048114635,5750.81828207491
"C[T>C]T",NA,216.627525457154,102.455165632647,NA,NA,4359.67557312648,NA,382.875904352508,553.225367853822,933.771946723288,43.3731145092646,862.469335362563,4359.67557312648
"G[T>C]A",48.9242065167393,455.098809266752,NA,315.293994587362,NA,3166.56481833828,NA,327.369722318528,NA,161.420332953162,695.823807030589,780.644709045357,3166.56481833828
"G[T>C]C",129.927311721817,272.357057965308,34.8534996604931,554.462262818746,NA,3851.95453750563,NA,318.126288129475,NA,NA,320.076766331849,744.069044615767,3851.95453750563
"G[T>C]G",71.7312074586532,495.857380293981,NA,337.741071956066,NA,4664.76356295922,NA,594.369452293641,NA,684.177804874485,320.37336523231,1169.29749867774,4664.76356295922
"G[T>C]T",93.0720944659356,498.549275829132,9.57530506308827,824.896467004545,NA,4129.10624054628,NA,378.028524627642,NA,NA,468.534871946858,809.003626671028,4129.10624054628
"T[T>C]A",NA,204.036669234436,NA,221.243840385255,NA,3557.77483998261,NA,381.041851256182,181.337560358004,407.318581512337,161.321341764472,623.776772864277,3557.77483998261
"T[T>C]C",263.396723892105,166.118445333793,NA,NA,70.820509829464,5017.23194690545,NA,145.323894175667,729.541771894184,NA,953.055692789456,1054.14975065562,5017.23194690545
"T[T>C]G",21.7801580245782,257.842666499539,NA,252.234293343563,NA,3921.43944424278,NA,509.18019657768,276.807233295737,229.945883354596,NA,695.001403116735,3921.43944424278
"T[T>C]T",19.0292271067337,367.145611208256,NA,608.831632529841,NA,5241.77575713775,NA,453.507732532605,124.091982611231,72.3393979384777,NA,795.617955791455,5241.77575713775
"A[T>G]A",2.16926409525592,NA,NA,176.272975061122,NA,1634.39043797776,NA,135.836478193655,66.3926079156457,NA,NA,164.023638643636,1634.39043797776
"A[T>G]C",10.9809147724448,88.9118027371306,0.185946908049075,260.72444041178,NA,1446.98837394205,NA,162.253263894095,NA,NA,0.887067944961373,142.523546021182,1446.98837394205
"A[T>G]G",NA,NA,NA,79.2001313584851,NA,2432.67087037356,NA,296.603016062087,207.831244161801,NA,NA,364.315268039745,2432.67087037356
"A[T>G]T",205.202588697657,394.015011872208,NA,1491.53845931951,NA,2566.65280347546,NA,190.023365387784,NA,NA,742.116127615503,NA,2566.65280347546
"C[T>G]A",30.848708858981,NA,6.61567577443935,225.43530222259,NA,830.876964294853,NA,80.361632582597,NA,NA,40.2757350806295,102.442836509648,830.876964294853
"C[T>G]C",3.77024788462775,83.2323258458167,0.728949246548347,120.891014992049,NA,1302.01901601443,NA,108.343133993419,63.1917042559179,NA,NA,174.185915769802,1302.01901601443
"C[T>G]G",14.2773366149881,12.9843109413984,12.765841417924,271.278626503191,NA,1679.65983600405,NA,150.907341318641,77.9890149624642,NA,NA,266.046518567345,1679.65983600405
"C[T>G]T",211.15795938801,209.925388995223,NA,1350.15696494581,NA,2068.11522808262,NA,103.474678039904,NA,NA,888.129739597955,NA,2068.11522808262
"G[T>G]A",212.385659912258,NA,NA,NA,129.150726824982,2812.59058900586,NA,NA,690.283203779271,NA,474.411904913346,618.952519566762,2812.59058900586
"G[T>G]C",242.956150355636,NA,NA,NA,147.397838334508,2612.68799993052,NA,NA,455.647315577666,NA,465.829615435739,623.866044686757,2612.68799993052
"G[T>G]G",804.929403216584,NA,60.2734932088074,NA,351.123296994133,9345.61431390541,NA,NA,2105.42028058327,NA,1008.57410852015,2044.70387928843,9345.61431390541
"G[T>G]T",723.144647630826,61.8882763037822,5.75381413918207,NA,180.009422620514,4455.37317471093,NA,NA,573.007372951881,NA,1207.58183276802,995.337336111895,4455.37317471093
"T[T>G]A",106.781357325642,NA,NA,774.821566495359,NA,1970.16400612151,NA,145.742226924454,NA,NA,365.608775957244,NA,1970.16400612151
"T[T>G]C",45.2225063127638,17.6213888567428,NA,441.55150900192,NA,2208.71579302659,NA,248.904017593364,NA,NA,137.299896878754,245.725920562775,2208.71579302659
"T[T>G]G",52.6782042993673,NA,2.25480312760107,202.47101048962,NA,2247.54691875686,NA,309.599064690321,119.734167524008,NA,41.9531634920819,288.409457994207,2247.54691875686
"T[T>G]T",997.078694646672,NA,NA,6620.40844803274,NA,6744.19650913908,NA,NA,NA,NA,4224.80911706313,NA,6744.19650913908
