"","Signature_1","Signature_100","Signature_13","Signature_17b","Signature_18","Signature_2","Signature_3","Signature_34","Signature_41","Signature_5","Signature_8","Signature_85","df.extra"
"A[C>A]A",366.544511962417,1253.85695360893,NA,NA,NA,406.541384299864,3097.6422614695,NA,1749.86647744469,2174.24485166652,1607.72069036272,1533.79567055684,3097.6422614695
"A[C>A]C",333.494750136066,612.8548053568,NA,NA,NA,393.085175316181,1761.52739514581,NA,989.499087626388,2025.21996715861,1114.02159851735,737.714406119708,1761.52739514581
"A[C>A]G",109.587878818104,312.775432002504,NA,34.4972891363741,NA,251.742470041393,1389.72502534551,NA,624.246764397031,NA,351.94407910111,299.301869188928,1389.72502534551
"A[C>A]T",1564.53344070892,244.378794728549,30.5412508069946,8.49154030722556,356.650649718247,NA,NA,625.521537279365,NA,7214.87596054801,NA,NA,0
"C[C>A]A",382.442417381927,661.966405829709,NA,NA,NA,272.448059315126,2191.16060292316,NA,1827.46444278688,2277.25790802604,1027.83750554067,869.401517111457,2191.16060292316
"C[C>A]C",649.556304198123,422.263624149955,NA,61.4197442906138,NA,233.022295852612,NA,140.081099487338,1519.31011473603,4048.70904101066,1123.17851661711,NA,0
"C[C>A]G",93.5970939597892,220.898348756548,NA,36.0299464306331,NA,239.544062837204,624.136464429595,NA,1510.29761882799,632.707868154626,481.240393658787,NA,624.136464429595
"C[C>A]T",5091.02566806581,NA,NA,NA,34.6223450896954,NA,NA,679.960922912683,NA,14515.535781469,NA,NA,0
"G[C>A]A",298.282253087519,710.460214100821,NA,NA,NA,348.559443081276,3436.72298764855,564.91133648849,793.757451241203,1655.59643223483,NA,843.867923272686,3436.72298764855
"G[C>A]C",309.904050254247,476.016911890064,NA,NA,NA,264.602269651758,1060.1273618397,659.380424987765,859.566317201626,2816.84289083803,610.002370329119,NA,1060.1273618397
"G[C>A]G",92.8341199751594,207.64676669716,NA,NA,NA,236.653777690522,805.734256488645,202.721598196849,648.835003983483,755.884744919491,312.550580439874,NA,805.734256488645
"G[C>A]T",2444.88055215844,NA,NA,17.096266815305,219.88634864676,NA,NA,853.462233777542,NA,8915.85292732488,NA,NA,0
"T[C>A]A",398.164094598762,531.559630013784,NA,NA,NA,233.022276743666,1473.58708142466,NA,1220.07980557049,2408.92269803495,898.840617339019,949.6920418147,1473.58708142466
"T[C>A]C",615.613610103455,380.809104607696,NA,48.871912117497,NA,231.652798546812,NA,258.96216754865,569.848524800871,4227.04971810204,789.838309415587,NA,0
"T[C>A]G",60.8713336917908,225.615392172435,NA,NA,NA,147.026546543183,881.600618919952,NA,592.9212688283,311.00763993603,303.370613876715,234.95681325937,881.600618919952
"T[C>A]T",4154.60588255814,NA,NA,NA,NA,NA,NA,914.635795252366,NA,13827.4183947921,NA,NA,0
"A[C>G]A",208.394075401802,496.814652187824,NA,36.4121757948166,NA,534.720537834806,548.87781583539,NA,1068.67689092012,902.943299093231,1288.74614586315,NA,548.87781583539
"A[C>G]C",146.567925652307,322.444982368855,NA,14.5231058738001,NA,256.27515206144,91.7568575984293,NA,679.660646467378,643.576784508744,655.345021848495,NA,91.7568575984293
"A[C>G]G",51.1967434034091,165.711759185627,NA,29.8024660603011,NA,215.393643009315,336.744185323697,NA,524.881227530482,189.280546049574,476.185752757043,NA,336.744185323697
"A[C>G]T",169.978677856552,436.148726624698,NA,20.8336044688944,NA,386.967147950869,659.502854171106,NA,705.980008128069,615.011123634228,827.667723428239,NA,659.502854171106
"C[C>G]A",66.631576771255,245.043594010607,NA,20.684616862482,NA,255.100711945016,638.066604562565,NA,527.038978592845,315.801907469824,462.488509601259,NA,638.066604562565
"C[C>G]C",60.5636274182582,160.847331775954,NA,20.6095850335308,NA,379.35890079763,682.74749370152,12.3000381115075,616.412042488794,NA,463.253501268856,NA,682.74749370152
"C[C>G]G",36.2634646711019,79.1304124378707,NA,NA,33.2566521442605,192.880274266505,647.254287882958,27.2162307574623,333.68327245762,NA,170.655083344428,NA,647.254287882958
"C[C>G]T",44.491692704899,284.900286371191,NA,NA,NA,341.48117078762,814.481544128374,NA,513.190126437165,183.71753274089,514.368243433179,154.087358742891,814.481544128374
"G[C>G]A",173.183095800765,464.293584842793,NA,35.1229517174261,NA,278.660717539343,322.762128297184,NA,712.747081706174,425.814982938914,859.756408126694,NA,322.762128297184
"G[C>G]C",245.146721410111,431.346413937096,NA,NA,288.35813527888,255.613534034728,1536.42500893496,NA,732.787795182848,NA,217.531505925381,115.66203788269,1536.42500893496
"G[C>G]G",64.6798798444263,216.527751710841,NA,NA,84.6224999090899,209.17731749204,815.90212388664,NA,396.946949512528,NA,341.801268421818,87.5518104997262,815.90212388664
"G[C>G]T",175.491877813172,516.014243931942,NA,NA,NA,251.940502299521,770.260307301577,NA,687.939326295431,362.844162643263,626.182184727747,144.814965022982,770.260307301577
"T[C>G]A",138.314758679167,398.680491430122,132.780423164545,NA,NA,664.455210819615,483.433126529202,NA,945.946201234753,1903.77911679492,921.753891444184,NA,483.433126529202
"T[C>G]C",99.4708225829429,528.09048392219,NA,23.6923604800175,NA,535.987985720735,1320.58289925176,NA,994.423831788082,379.574290660933,786.287648905361,NA,1320.58289925176
"T[C>G]G",59.9260986478892,189.52888590063,NA,13.7548904376712,NA,277.202686099869,1308.32617470655,NA,414.826587640312,NA,211.045498507307,183.148600091876,1308.32617470655
"T[C>G]T",108.570092960417,542.977724610199,131.125422676566,45.1632632751065,NA,923.028842430255,NA,NA,1274.47253840447,2598.48588803312,1581.22850689433,NA,0
"A[C>T]A",1594.41007035471,456.654031045035,NA,71.7040032112757,NA,1074.66249508257,NA,324.971133494991,1382.7571680208,7666.86168096056,2426.80078860845,NA,0
"A[C>T]C",1176.32886457961,226.057701447674,NA,NA,142.940757199518,716.627122702752,NA,187.063423445261,916.481322815613,5152.13504054356,1090.43212627439,NA,0
"A[C>T]G",1913.27926883328,182.545032040403,NA,NA,NA,2403.795192261,859.347286612158,401.248098445591,2465.5540866665,9839.85771154964,3528.04158003129,NA,859.347286612158
"A[C>T]T",1417.26309927947,402.474589739765,NA,47.6710654589071,NA,920.511606630164,NA,327.418438660622,794.745612334087,6554.51143291302,1669.49065058801,NA,0
"C[C>T]A",466.221835479224,764.393458687726,NA,83.9419825568195,NA,959.010952088664,1486.35322921863,NA,2175.8209202438,2437.54791367719,2212.22947161392,NA,1486.35322921863
"C[C>T]C",776.86055226233,620.691519300637,NA,70.8133688337066,NA,1031.31702525798,844.198559068457,NA,1966.58943557422,3489.57726453302,1879.20577658806,NA,844.198559068457
"C[C>T]G",1440.26951169803,184.367944899737,NA,NA,NA,2756.69276676886,3448.10528038809,188.593908799951,3131.53358509501,5202.61057159295,2687.95159667036,NA,3448.10528038809
"C[C>T]T",869.159440605817,583.648416320944,NA,52.9037832984179,NA,1145.44068427504,741.789465048743,NA,2025.47986503215,4338.29356172227,2321.69906467905,NA,741.789465048743
"G[C>T]A",2158.76167215785,129.122295846897,NA,NA,488.892160627086,439.513242291914,NA,398.592608723073,374.384136889798,8459.1664295974,345.858200220035,NA,0
"G[C>T]C",1810.25615946541,220.663114237237,59.6464081370799,NA,NA,541.357447020753,NA,340.115219793611,914.721695607991,8410.02215800976,1197.39587775326,NA,0
"G[C>T]G",2566.26899097915,NA,NA,56.7457850740403,229.196992323213,1562.27112764779,NA,498.860099012316,1407.31437794089,11570.1978384392,1710.57486430233,NA,0
"G[C>T]T",1790.72191314808,118.739846104253,NA,NA,372.599701772957,574.318429795449,NA,276.208490856953,796.704366760807,7566.85345072425,1002.10878392359,NA,0
"T[C>T]A",501.118017726222,600.671278849562,120.03895671618,48.2725842061958,NA,1100.0655427947,NA,NA,1629.52891216823,4899.92963342689,1882.47640885483,NA,0
"T[C>T]C",882.07629329841,617.019546573733,NA,NA,195.170025298128,1013.13223573409,1196.91969761193,NA,1944.34287776149,4315.82005262116,1714.42371122939,NA,1196.91969761193
"T[C>T]G",1306.78712505519,192.413791657123,NA,NA,NA,1511.73476543326,3508.85273368306,620.298819512344,1147.93766833417,5454.69998987944,1425.11135060701,NA,3508.85273368306
"T[C>T]T",1226.64487350495,950.854713177102,NA,NA,NA,760.099212628769,385.301151576903,192.098552112522,1561.55965939843,7301.43797391812,1824.42754910563,NA,385.301151576903
"A[T>A]A",429.175731607534,1208.86486406307,NA,NA,NA,83.1527295816083,2847.75875791925,75.5794794152337,NA,692.54454280819,277.28471144625,NA,2847.75875791925
"A[T>A]C",156.275155421631,370.578744749845,NA,NA,NA,306.18154518374,919.10100572173,79.1991352569874,557.061028315092,468.370888850498,659.71735531809,NA,919.10100572173
"A[T>A]G",222.679338226844,605.762200826906,NA,NA,NA,396.054205608153,1386.27437699463,135.845639858756,672.70700525299,923.522303902535,985.823278240744,NA,1386.27437699463
"A[T>A]T",349.830055466277,356.929990011784,NA,34.3866531056621,NA,180.402195710836,NA,NA,356.268566680182,2059.9367425092,957.475874508601,205.574434981669,0
"C[T>A]A",174.643700212849,398.380111473291,NA,21.0960797650622,NA,41.6131944027979,358.340032070928,NA,283.980369614696,733.931796931334,417.807622356254,NA,358.340032070928
"C[T>A]C",320.112165706378,427.344828219054,NA,26.4390782014445,NA,136.589797226105,NA,NA,688.113841355103,1206.17321651962,745.886807181622,NA,0
"C[T>A]G",356.213480229598,696.059072927123,NA,97.8101327227187,NA,154.380621102194,227.60129478661,NA,950.397256207009,1029.46716663663,1135.48783395175,NA,227.60129478661
"C[T>A]T",269.355164275487,493.200751894807,NA,55.9834350999192,NA,139.887021259855,NA,NA,668.134540427352,1337.98854994313,935.508144492733,52.4210090641547,0
"G[T>A]A",213.996454617916,760.25811198098,NA,NA,NA,21.1973405323519,1133.88288220678,NA,81.8959126513659,541.079501068043,271.715476278367,100.751941728117,1133.88288220678
"G[T>A]C",152.076458479493,185.77002772227,NA,14.9274043820702,NA,111.525733142366,NA,21.523577729004,401.383279648992,663.78748572364,389.293529272808,NA,0
"G[T>A]G",213.012363497301,412.678392335182,NA,50.8989365096313,54.7510549802369,173.319581867635,NA,NA,712.262935492168,759.988007489118,749.244360592412,NA,0
"G[T>A]T",189.89765151124,249.494068471567,NA,35.8371037973445,58.0257079149241,178.742847162236,NA,NA,354.021352226448,798.189603364367,560.518738258691,NA,0
"T[T>A]A",225.530068036036,843.623728469094,NA,NA,NA,88.3730774254841,657.995957644822,NA,85.834287093466,1268.53925731459,558.879376064869,203.168627337496,657.995957644822
"T[T>A]C",211.554035824162,283.206674876662,NA,27.737760094718,NA,119.931389494491,NA,37.9080444046176,344.788418496905,1110.51933393404,650.43046508536,NA,0
"T[T>A]G",211.405104920948,249.270852739889,NA,35.6556787326988,NA,110.102991298281,NA,19.3411157673201,356.072168412224,774.699157802552,585.803875606323,NA,0
"T[T>A]T",439.473641923563,379.402494171952,NA,32.1488747020997,155.343431508651,127.6089584418,NA,NA,415.627912301767,1755.88139681393,583.199829606677,NA,0
"A[T>C]A",548.75840669743,763.668388959786,NA,43.7697256835266,NA,1337.36065700489,1917.64562863661,NA,2422.01058367571,1326.56185299943,2351.71158954265,NA,1917.64562863661
"A[T>C]C",372.049986588565,561.653388799897,NA,NA,NA,678.193265906458,1897.91435964145,NA,1129.28628531614,1143.68898729675,1328.31385046414,285.269204305564,1897.91435964145
"A[T>C]G",395.05506211881,831.759700961408,NA,80.5093646530332,NA,2093.42005644277,4755.55065001938,NA,2548.3174444284,NA,2706.71347603783,554.790429191108,4755.55065001938
"A[T>C]T",450.465799956763,783.314986263986,NA,NA,NA,1351.18054428865,3033.82623815493,207.366822414902,1815.02186769278,1157.65468405256,2003.90239742124,NA,3033.82623815493
"C[T>C]A",413.475094636738,518.11912203471,NA,28.0948313263334,NA,627.207328938435,963.394173986901,NA,1579.33878380881,895.502569969285,1363.25073341187,NA,963.394173986901
"C[T>C]C",519.48834233209,988.516797153543,NA,NA,NA,599.485233026615,2779.73895458183,NA,1757.32978287782,1521.84278520387,1930.67341043921,281.36857767353,2779.73895458183
"C[T>C]G",554.945778576939,553.930933490137,NA,88.3180170969227,NA,1667.12327852945,3325.25252235519,NA,2740.9705793748,727.088827610727,2060.6967383,NA,3325.25252235519
"C[T>C]T",424.712359673368,576.170881970388,NA,48.5961265893976,NA,926.301753935285,1232.78873627737,NA,2118.47659951669,1635.82561503384,1763.54441600042,NA,1232.78873627737
"G[T>C]A",444.902999033087,362.154901945233,NA,25.5920354548643,NA,518.634867703724,494.064438077061,NA,1139.04918719714,1742.25995461503,1214.31299918696,NA,494.064438077061
"G[T>C]C",518.750684099373,414.79789463392,NA,27.6624060701769,NA,540.009994872987,809.965067440439,NA,1324.78488900733,1506.05689796139,973.80242232663,NA,809.965067440439
"G[T>C]G",615.238800154701,484.27914045752,NA,87.0263938916999,NA,1182.14820316795,1950.55955798003,NA,2206.46660730416,1182.20876931607,1686.70586107982,NA,1950.55955798003
"G[T>C]T",590.823262395148,390.207308462063,NA,NA,NA,670.283871990037,671.840007266663,61.1661932445971,1330.57490907027,2140.8636639396,1297.53351654421,NA,671.840007266663
"T[T>C]A",467.821404480149,480.071979720576,NA,54.6310085432757,NA,571.994715095754,328.21346485585,NA,1064.92551000614,1974.7134286576,1435.13801186016,NA,328.21346485585
"T[T>C]C",540.474618146423,789.8730371232,NA,NA,NA,572.001744461126,1776.11918094334,NA,1436.03084140417,1809.12170718662,1837.60551839724,250.541041354342,1776.11918094334
"T[T>C]G",494.191570172607,465.517727763146,NA,55.7021193012765,NA,912.707435917557,1348.50414622907,NA,1580.83874157189,796.379493859423,1435.75786976269,NA,1348.50414622907
"T[T>C]T",644.043032043714,631.557137237169,NA,41.9740088546305,NA,670.252533822598,NA,NA,1465.92651781586,3271.78555062291,1910.33529740053,26.3895551711935,0
"A[T>G]A",234.608319109005,294.815855161351,NA,24.9427114898188,97.2837890501536,163.949220561177,NA,NA,521.16632396103,822.255209461591,580.351682096035,NA,0
"A[T>G]C",263.410951960907,245.382521911138,NA,15.3104329557722,NA,109.521902521515,NA,34.9643291471285,356.152580459885,1001.28696689568,461.23793388954,NA,0
"A[T>G]G",213.545181386459,501.446212088045,NA,40.7832331154755,NA,303.160539280663,366.266934682665,NA,801.864835338798,932.79288972772,971.231203662556,NA,366.266934682665
"A[T>G]T",717.243501229675,203.980757993387,NA,28.9854201165648,212.219236500019,93.3422699682734,NA,186.793619679006,NA,2809.82855693269,167.605197790976,NA,0
"C[T>G]A",53.9051891157229,103.999479263461,NA,NA,NA,77.0467187433773,205.426516065767,NA,236.430855302771,190.298801777262,247.477025759895,70.7717759143803,205.426516065767
"C[T>G]C",135.346124000712,122.996551858553,NA,10.8673695231551,NA,142.51729118591,163.813085651508,NA,416.221464674257,566.1919719417,446.470044309981,NA,163.813085651508
"C[T>G]G",141.79898449532,252.597509458635,NA,10.5460818383838,NA,261.917478861424,576.190304605281,NA,544.415586796587,318.972575341516,463.114809645709,NA,576.190304605281
"C[T>G]T",400.310279831516,107.256766902938,NA,24.8235215527293,NA,171.745890238463,NA,101.606735756079,138.074198336945,1665.23783349276,342.2128992807,NA,0
"G[T>G]A",166.084069491058,891.500598943418,NA,NA,NA,94.7832360496689,1943.06453832751,NA,478.966545202098,319.010299226843,992.110726649395,404.297694591274,1943.06453832751
"G[T>G]C",264.59865191015,425.310615193172,NA,NA,NA,93.9742356377246,1599.46207936842,NA,614.340726473503,456.670335494648,819.344412555443,232.772704701862,1599.46207936842
"G[T>G]G",350.075695963349,2190.77892529865,NA,NA,496.297451253467,141.445661125495,7587.17138878684,NA,962.66963494188,NA,1702.92598095867,1581.01597399518,7587.17138878684
"G[T>G]T",480.506665007725,1022.96987121739,NA,NA,NA,94.0956489589993,3180.71008604402,NA,516.248162322312,1051.22923199844,1345.51230556896,601.784992942432,3180.71008604402
"T[T>G]A",221.876547945372,226.976615822854,NA,NA,98.3659465069635,165.064987913159,NA,31.8257323121345,438.731382221404,987.451495345387,488.668104241106,NA,0
"T[T>G]C",241.993450085088,327.057429470103,NA,NA,NA,245.728274326611,266.00224555263,31.1910752711539,675.873063359374,992.142470988657,608.521644656402,NA,266.00224555263
"T[T>G]G",192.179529596372,355.64804576536,NA,36.9936372062063,NA,319.772849608401,688.411225688039,NA,778.157284582208,548.696789990154,781.742339669784,NA,688.411225688039
"T[T>G]T",1015.12806360654,259.107587059583,NA,NA,NA,205.910449686099,245.295818353856,325.46977495141,157.271160539845,3915.56716813635,714.269567084896,NA,245.295818353856
