"","Signature_1","Signature_13","Signature_14","Signature_18","Signature_2","Signature_20","Signature_28","Signature_3","Signature_33","Signature_34","Signature_41","Signature_5","Signature_8","df.extra"
"A[C>A]A",NA,NA,NA,NA,526.694016339429,NA,NA,5151.77825263718,120.855581306711,352.781928208272,1601.40447726151,1631.83544468139,1506.12377241437,5151.77825263718
"A[C>A]C",NA,NA,NA,NA,355.271875273011,NA,NA,3536.14241956726,120.57656304428,263.350606951708,743.433811224309,933.280626487549,756.818619409799,3536.14241956726
"A[C>A]G",106.337497720285,NA,NA,NA,154.517585384727,NA,NA,1990.34253278711,99.4616306845905,116.810842414674,234.417285622318,NA,347.143438233015,1990.34253278711
"A[C>A]T",191.88414846834,NA,NA,NA,235.991688662636,NA,NA,3121.64544736743,142.504053847825,204.724336616747,839.132238330827,NA,1792.07478466015,3121.64544736743
"C[C>A]A",327.369424796641,NA,NA,NA,358.143514204459,NA,NA,4550.53036115059,269.258622457222,252.244361625154,891.239009979076,NA,1240.32083356667,4550.53036115059
"C[C>A]C",117.297180032714,NA,NA,331.865233188669,258.795146386649,NA,NA,4102.14303857177,112.560727543258,375.866009666578,599.65857086941,NA,NA,4102.14303857177
"C[C>A]G",59.9626315867322,NA,NA,NA,141.517168465746,NA,NA,1518.22807571564,NA,129.056924155434,321.829688558114,381.086284569921,436.686335353073,1518.22807571564
"C[C>A]T",NA,NA,NA,538.199868050206,292.269550470083,NA,NA,3337.19639596037,192.554392764701,275.479274353578,968.582237511902,NA,1801.61901094769,3337.19639596037
"G[C>A]A",NA,NA,NA,NA,199.475307559316,NA,NA,3869.57507561966,228.446602960645,504.956767538734,663.898852827599,1324.01397092894,824.255875303145,3869.57507561966
"G[C>A]C",NA,NA,NA,226.726991083564,144.231148967286,NA,NA,3692.79670058903,169.56351010169,407.372645881365,NA,1146.71145899935,276.125931985087,3692.79670058903
"G[C>A]G",NA,NA,NA,NA,114.317928985487,NA,NA,1510.95121559184,67.5960541213468,111.133492467964,248.009535599519,562.584084907763,349.227580724305,1510.95121559184
"G[C>A]T",NA,NA,NA,NA,128.754917692915,NA,NA,2917.13358288227,113.986524871426,397.087125623596,359.873539870852,940.035680586543,1081.4751423766,2917.13358288227
"T[C>A]A",133.66386346827,NA,NA,511.613876994219,185.892234178555,NA,NA,2453.76250820888,194.887402263978,NA,921.889405001137,NA,4335.96752995586,2453.76250820888
"T[C>A]C",297.14920433022,NA,NA,357.280241495423,158.597087324035,NA,NA,3042.40426979789,220.875593215923,290.425352414144,NA,NA,830.800443443336,3042.40426979789
"T[C>A]G",114.41755879476,NA,NA,116.876387604931,96.4500965150897,NA,NA,1390.43811136519,83.9747184321854,99.5201694241005,NA,NA,364.32303087883,1390.43811136519
"T[C>A]T",NA,NA,21900.3863149641,NA,NA,29408.5584135833,NA,NA,NA,NA,NA,NA,NA,0
"A[C>G]A",207.761872031418,NA,NA,175.731795539773,377.59480095082,NA,NA,2913.55348268505,92.8832744266239,373.99314123217,295.069206287639,NA,NA,2913.55348268505
"A[C>G]C",26.0784135382009,NA,NA,60.1926837458306,234.277968216997,NA,NA,1544.67415888027,NA,182.896203800293,408.719444278113,NA,55.049044743075,1544.67415888027
"A[C>G]G",84.8804034876594,NA,NA,53.030648277712,134.48361759744,NA,NA,1286.12148299685,16.0750763578231,121.849855082734,70.8372273514032,NA,NA,1286.12148299685
"A[C>G]T",128.20527105418,NA,NA,132.243069238638,269.296970388627,NA,NA,2157.85889189565,60.6064651477412,270.212071639242,282.845821096414,NA,NA,2157.85889189565
"C[C>G]A",109.980736565693,NA,NA,NA,132.572849906096,NA,NA,1350.88731548764,78.5571472212443,108.158784723701,213.386314144933,NA,151.418254822257,1350.88731548764
"C[C>G]C",NA,NA,NA,154.633268164744,110.154275743713,NA,NA,1225.85746650376,48.7562862876302,121.682771650632,182.602713402543,312.491744122115,NA,1225.85746650376
"C[C>G]G",NA,NA,NA,NA,69.427620807489,NA,NA,717.058041511954,13.9540543445747,51.7883263375525,183.340732533475,167.312870036503,118.008273997305,717.058041511954
"C[C>G]T",82.067696226669,NA,NA,112.695607479017,159.37941972577,NA,NA,1691.44241891483,67.1698017631348,122.59930067047,235.400633649612,NA,NA,1691.44241891483
"G[C>G]A",69.5357916280379,NA,NA,NA,267.528272295769,NA,NA,1684.76958169523,47.8609125463083,167.604846626651,513.756897670752,NA,173.856449969976,1684.76958169523
"G[C>G]C",NA,NA,NA,NA,296.812868698953,NA,NA,2025.63983546384,NA,100.533366323256,659.94246598152,381.395845654083,370.166838565541,2025.63983546384
"G[C>G]G",NA,NA,NA,23.6650803762476,105.997652001475,NA,NA,1174.49692835953,NA,53.192564137269,275.755620526373,397.015846795059,131.120728974921,1174.49692835953
"G[C>G]T",NA,NA,NA,NA,251.263620930535,NA,NA,1669.06350962212,13.5392006130065,162.270199215501,516.136211909951,421.678594357968,244.186725138817,1669.06350962212
"T[C>G]A",192.037191361639,NA,NA,460.7698109068,321.895846670164,NA,NA,2851.32225596035,70.39091345957,272.430136203631,437.628696712585,NA,NA,2851.32225596035
"T[C>G]C",287.381199045853,NA,NA,249.051799491358,259.314354444539,NA,NA,2547.79571058291,145.193112367768,276.795185973442,132.151456867234,NA,NA,2547.79571058291
"T[C>G]G",186.343745723364,NA,NA,166.977731319999,86.375914794224,NA,NA,1343.88831210618,94.9239137925974,107.697359243907,NA,NA,133.204269541332,1343.88831210618
"T[C>G]T",182.936682247685,NA,NA,513.291322114329,379.518014819909,NA,NA,3977.66259396405,119.695069793924,404.557864360268,495.181853065936,NA,NA,3977.66259396405
"A[C>T]A",394.173493587303,NA,NA,727.486709065675,399.400229355776,NA,NA,6746.60391616661,239.87196377007,557.776804017205,884.380492797641,NA,NA,6746.60391616661
"A[C>T]C",312.237401524054,NA,NA,NA,260.754218720012,NA,NA,4284.65080048552,202.226804864606,343.598276245496,357.79231867947,NA,619.733440396761,4284.65080048552
"A[C>T]G",349.757704375567,NA,NA,NA,696.250761790313,NA,NA,7908.75193539825,692.509224530931,533.313377710247,NA,3528.68578977524,2629.91865623312,7908.75193539825
"A[C>T]T",363.209763265045,NA,NA,NA,406.097793481918,NA,NA,4890.96181292599,248.00283947557,412.100217072547,825.90246843527,NA,1010.67974318572,4890.96181292599
"C[C>T]A",420.005224904457,NA,NA,444.854965119054,611.646950135206,NA,NA,5965.67529894415,242.081080266975,635.510648108418,701.133568389684,NA,NA,5965.67529894415
"C[C>T]C",162.496465922895,NA,NA,356.702679113964,518.62341965326,NA,NA,6134.95984017099,186.197691473789,517.334624623133,770.015383340283,NA,NA,6134.95984017099
"C[C>T]G",NA,NA,NA,637.392067308039,701.791703433613,NA,NA,8093.83555002434,436.392526914947,862.511414295068,NA,3609.52863299546,1028.61560676964,8093.83555002434
"C[C>T]T",252.705843617277,NA,NA,376.234530648163,704.952391003277,NA,NA,6717.29965091887,258.670855059218,486.89711922961,823.793893540069,NA,NA,6717.29965091887
"G[C>T]A",332.820324303939,NA,NA,313.906372439177,284.619298448204,NA,NA,5206.57496469753,251.100302235508,415.698741594227,641.029328686683,NA,NA,5206.57496469753
"G[C>T]C",351.809067984106,NA,NA,NA,272.515562776744,NA,NA,6859.83921811313,473.463111858908,363.113617428442,659.353120453621,NA,1027.72404687234,6859.83921811313
"G[C>T]G",NA,NA,NA,NA,446.423877055401,NA,NA,5519.50117497972,482.037653932909,374.976267486222,521.257214403697,3671.70916930937,2997.86122448456,5519.50117497972
"G[C>T]T",280.075837947636,NA,NA,NA,406.040603193191,NA,NA,6154.94951222937,371.155604625563,299.789806138331,750.177854612973,NA,1052.45831241775,6154.94951222937
"T[C>T]A",303.200952635568,NA,NA,668.335855355388,284.302210647075,NA,NA,5753.04147149601,208.537744105532,540.888013022525,611.760072438959,NA,NA,5753.04147149601
"T[C>T]C",445.291031775815,NA,NA,466.229470216333,330.855595422923,NA,NA,6372.81663606792,273.851475155183,433.854129189549,NA,NA,1074.61287470424,6372.81663606792
"T[C>T]G",NA,NA,8410.49899436045,NA,330.614726804335,11931.2879337108,485.690784234927,NA,NA,NA,NA,NA,NA,4615.24671822873
"T[C>T]T",151.62325423388,NA,NA,705.73181662659,400.287246417741,NA,NA,5800.17248057111,138.822659530163,NA,2081.98610945766,NA,2844.31141039225,5800.17248057111
"A[T>A]A",NA,NA,NA,NA,1315.5345671,NA,NA,1884.04341452601,NA,NA,3118.49365437953,NA,58.7998465440037,1884.04341452601
"A[T>A]C",148.677664180102,NA,NA,157.002444406454,140.188096063609,NA,NA,1899.53221540605,124.156070326057,178.840425026557,175.005787952549,NA,NA,1899.53221540605
"A[T>A]G",306.034162779356,NA,NA,247.617489569056,223.576652515833,NA,NA,2748.72491429405,200.325181695749,393.866038870181,271.005540209244,NA,NA,2748.72491429405
"A[T>A]T",170.761015693995,NA,NA,NA,113.860772084046,NA,NA,1712.23032058839,142.661972144547,229.281663468722,485.578880941964,NA,598.608439813954,1712.23032058839
"C[T>A]A",NA,NA,NA,NA,384.714379165742,NA,NA,747.611473328098,NA,79.7774663808614,883.778751383518,NA,146.373371212579,747.611473328098
"C[T>A]C",87.0447951149826,NA,NA,40.9760252995909,160.832921106399,NA,NA,1722.9091020684,47.5997663400638,289.862176756178,415.164719566709,NA,NA,1722.9091020684
"C[T>A]G",29.8112289590779,NA,NA,48.6269468518725,292.320108780448,NA,NA,2190.77936417808,NA,353.252983177752,972.043418069468,NA,175.010478480365,2190.77936417808
"C[T>A]T",133.860796522933,NA,NA,NA,133.871429887961,NA,NA,1672.11870460702,55.5871294711909,259.314238714902,576.807375578025,NA,336.509114497543,1672.11870460702
"G[T>A]A",NA,NA,NA,NA,454.82365808702,NA,NA,1012.30719939998,NA,NA,1337.14347946082,NA,137.22273013484,1012.30719939998
"G[T>A]C",45.0920699588583,NA,NA,NA,60.9379941999514,NA,NA,1028.81834826557,63.8203493019044,166.719272947403,236.469463916011,NA,60.577398328068,1028.81834826557
"G[T>A]G",76.1641582204659,NA,NA,96.4763254898769,139.798081708594,NA,NA,1588.08230873587,70.0562666342591,297.754296456442,399.503428219489,NA,NA,1588.08230873587
"G[T>A]T",67.1254999158195,NA,NA,92.9809147692604,95.490525106693,NA,NA,1188.1417615579,32.1111488617993,223.771506223046,314.582461357137,NA,NA,1188.1417615579
"T[T>A]A",NA,NA,NA,NA,201.47489119624,NA,NA,1410.67912398799,NA,84.4556213923492,1319.99945504849,49.3960746949044,168.875712479531,1410.67912398799
"T[T>A]C",113.036263660718,NA,NA,NA,51.5487153944523,NA,NA,1184.47914692815,63.8122570900842,201.346359662797,307.200419058654,NA,305.673254690226,1184.47914692815
"T[T>A]G",25.9697658451307,NA,NA,NA,119.304486639876,NA,NA,905.372282873081,18.7522667294641,193.858948252869,479.553686289155,NA,188.485457938172,905.372282873081
"T[T>A]T",17.4898168226191,NA,NA,NA,88.0719142099455,NA,NA,1229.40833767863,27.3384665909923,340.091905538902,866.062370500948,NA,770.538063998786,1229.40833767863
"A[T>C]A",349.843716335393,NA,NA,614.270777710702,819.943126379202,NA,NA,6747.13771580239,230.356076609298,501.428929232476,637.501010602579,NA,NA,6747.13771580239
"A[T>C]C",159.211807039993,NA,NA,454.546840291176,492.757733464778,NA,NA,4356.57854358982,166.77455951098,224.387822856749,572.502629864837,NA,NA,4356.57854358982
"A[T>C]G",650.366271661514,NA,NA,845.367850919147,815.041684835395,NA,NA,8533.65441924509,454.107398424418,519.845428096877,NA,NA,481.325551035409,8533.65441924509
"A[T>C]T",484.238418019696,NA,NA,482.271585092133,791.388905992996,NA,NA,6178.70074424851,342.004404045575,617.674034327355,NA,NA,747.913295706264,6178.70074424851
"C[T>C]A",147.139393677025,NA,NA,280.469277818845,521.907532988833,NA,NA,3704.64520031391,196.569418797679,246.92780630523,678.648144186545,NA,NA,3704.64520031391
"C[T>C]C",67.4464686109003,NA,NA,NA,665.897968095232,NA,NA,4800.52551165202,NA,142.088283697942,1734.12895953804,1309.74040367255,975.250865831022,4800.52551165202
"C[T>C]G",197.473218973169,NA,NA,600.209943573841,764.841439664617,NA,NA,7630.23818603041,293.829867582177,623.013114512119,810.491689172548,NA,NA,7630.23818603041
"C[T>C]T",134.598465680377,NA,NA,NA,624.329388923769,NA,NA,4135.4007729464,NA,426.627760478437,959.073211666492,780.890189566493,709.115482965198,4135.4007729464
"G[T>C]A",118.821315582279,NA,NA,NA,425.207152978132,NA,NA,3924.7991407305,224.371548809749,205.893927684854,350.325747056166,NA,610.354348448851,3924.7991407305
"G[T>C]C",NA,NA,NA,250.718956805055,389.039222074332,NA,NA,3462.31148834456,155.398264417002,181.82840868068,650.634048609125,NA,577.924438642458,3462.31148834456
"G[T>C]G",217.892977091882,NA,NA,476.674102503829,514.892214087796,NA,NA,6247.48186992469,248.061143608526,483.211243233629,301.166599151799,NA,NA,6247.48186992469
"G[T>C]T",189.746614004587,NA,NA,NA,559.493693288304,NA,NA,4005.07876372486,252.295146242969,258.591511237408,502.885183357904,NA,1175.72915758585,4005.07876372486
"T[T>C]A",94.1554273704202,NA,NA,NA,499.069876958286,NA,NA,4053.71540690304,201.6949127181,280.785531699681,786.441418946976,NA,469.172812902126,4053.71540690304
"T[T>C]C",134.186649498447,NA,NA,NA,659.070006278613,NA,NA,4889.77557898954,149.582561040262,270.578513888473,1317.37521161014,NA,1081.10703265317,4889.77557898954
"T[T>C]G",228.109291606822,NA,NA,NA,482.110258603402,NA,NA,3835.10358281605,172.930142842969,271.282509661524,509.999495926261,NA,798.345234982423,3835.10358281605
"T[T>C]T",NA,NA,NA,289.546948337147,596.120250352782,NA,NA,4386.02143487546,175.423848957193,509.83708051136,1202.54799116356,NA,1121.61372324819,4386.02143487546
"A[T>G]A",NA,NA,NA,96.0453556384731,141.272114404067,NA,NA,1069.51315150173,37.0952092645245,302.397049305972,461.595063414787,NA,291.719397486591,1069.51315150173
"A[T>G]C",NA,NA,NA,92.8820623475306,133.244008319893,NA,NA,957.113632137661,24.0233407419482,167.341700702927,359.529913624495,NA,304.417841329624,957.113632137661
"A[T>G]G",178.502767345641,NA,NA,NA,191.991465678601,NA,NA,1795.32086917792,106.218081612587,194.284853074238,412.257259757993,NA,361.196343728851,1795.32086917792
"A[T>G]T",48.9300388380874,NA,NA,233.855650597137,124.202960946834,NA,NA,909.059382790347,NA,104.836484773072,387.231414233819,NA,2036.41780725755,909.059382790347
"C[T>G]A",42.4136500188257,NA,NA,108.621013182001,58.6169372036859,NA,NA,583.373655488777,32.8188617801757,87.0129079818142,NA,NA,216.914507400135,583.373655488777
"C[T>G]C",42.7552749985404,NA,NA,NA,81.8877315405523,NA,NA,1001.45460248255,38.7107346360034,76.9422640709672,185.072891407192,NA,265.828723080881,1001.45460248255
"C[T>G]G",55.7259763813248,NA,NA,154.60046084318,136.530308475411,NA,NA,1239.07245948116,NA,68.8425856448776,363.409907525767,NA,276.459062995868,1239.07245948116
"C[T>G]T",NA,NA,1471.01720899162,NA,89.2662874849095,1982.54086320437,118.088536518464,NA,NA,23.8101598717742,NA,NA,NA,816.475563765197
"G[T>G]A",NA,28.0969986760318,NA,NA,271.960219035005,NA,NA,2549.33251058988,NA,NA,1195.35729786015,344.904198862525,319.504003219591,2549.33251058988
"G[T>G]C",NA,NA,NA,NA,236.495574553812,NA,NA,1949.77814353712,NA,2.21437289675096,998.378587789432,410.680013719718,278.52771218701,1949.77814353712
"G[T>G]G",NA,NA,NA,NA,605.979426366938,NA,NA,8174.33848753322,NA,NA,3111.09367553176,2306.72846324029,707.034930594951,8174.33848753322
"G[T>G]T",NA,77.6677501745856,NA,NA,529.864572389883,NA,NA,3374.9192303524,NA,NA,1281.98358926321,1364.16806671406,706.979433117787,3374.9192303524
"T[T>G]A",NA,NA,NA,179.372809999265,140.428047606748,NA,NA,969.629929003658,17.7592422671734,223.558895959698,394.717268937594,NA,1041.69924458312,969.629929003658
"T[T>G]C",NA,NA,NA,240.016192043536,146.928448428347,NA,NA,1216.43977089652,60.0272750914113,240.658890894506,457.626040136033,NA,779.876652353259,1216.43977089652
"T[T>G]G",146.378287686939,NA,NA,NA,196.759349402191,NA,NA,1840.38386645104,120.758032350514,210.914217222791,286.704115510225,NA,438.189085085975,1840.38386645104
"T[T>G]T",NA,NA,8021.71366936348,NA,103.435057972854,10942.6391036961,83.0356926579585,NA,NA,NA,NA,NA,NA,363.647943286221
