"","Signature_1","Signature_100","Signature_13","Signature_17b","Signature_18","Signature_2","Signature_28","Signature_3","Signature_31","Signature_34","Signature_40","Signature_5","Signature_8","df.extra"
"TCGA.D1.A0ZO",398.353309926723,41.4336080277878,41.6282836931967,NA,NA,NA,2.48485754661017,NA,NA,7.03575436883555,1885.02578800039,4565.39494007165,735.589103793769,0
"TCGA.A5.A0GI",159.029002497341,47.1710194342647,128.136291541639,NA,190.285077278872,NA,NA,860.198228575996,NA,NA,1321.36965357634,924.326927526506,602.137763267879,860.198228575996
"TCGA.A5.A0GX",32.0798943039307,117.778443481478,NA,NA,3253.41215902088,31.5419574688519,NA,2871.28472045008,NA,NA,NA,NA,1621.37867045407,2871.28472045008
"TCGA.AX.A1C7",261.364827197152,88.3358839127229,52.6538031761692,NA,NA,NA,45.4777878231763,NA,NA,78.2119200370428,1808.3634774902,6040.3749024862,588.011880825655,0
"TCGA.EY.A1GL",323.963136422939,420.537898673362,NA,80.1618233887766,NA,101.849966206798,NA,3706.00352413425,NA,110.634300438682,884.944194817625,4149.80348457612,NA,3706.00352413425
"TCGA.AP.A3K1",548.488176464904,NA,NA,NA,NA,NA,11.3427868047852,1108.34405434882,NA,77.1699519809314,NA,4204.13922481861,64.1477800647463,1108.34405434882
"TCGA.EY.A1GC",138.87732340351,31.0992617782912,NA,NA,668.592593563076,NA,NA,710.203253895447,NA,10.9544760610591,971.16408836878,2511.20215169706,208.482627895847,710.203253895447
"TCGA.AX.A063",239.834908103045,33.2839665191896,5.30283180811448,NA,341.596972884521,NA,NA,NA,NA,NA,1073.71601078169,2366.69723852112,615.04456696217,0
"TCGA.D1.A16O",107.60880219433,103.904454605791,40.0656707529498,NA,NA,29.7009923667189,25.0590498592052,1500.40273958511,NA,34.0549590580671,NA,2346.3279962886,NA,1500.40273958511
"TCGA.KP.A3W4",263.196599371098,40.5991238633781,NA,NA,582.45744537408,57.4076071333577,NA,NA,NA,NA,1310.65528346195,1659.11591191785,902.70824682027,0
"TCGA.AJ.A3NG",639.471281136237,222.87100380945,NA,NA,NA,74.9236621033017,NA,591.453940350184,NA,90.6420040110931,4145.26199514614,9087.64975649416,724.520066200382,591.453940350184
"TCGA.B5.A0JY",620.553833678601,422.167745781985,NA,47.6225612433084,NA,143.412652334595,112.907971276643,2380.8883646057,NA,NA,2578.83567952628,11035.0451490458,NA,2380.8883646057
"TCGA.AX.A06F",253.355212221809,33.3822427214599,55.3430204334639,NA,NA,NA,NA,NA,NA,40.68728223524,1592.53864681168,3072.74192455641,695.311182513302,0
"TCGA.AX.A2HA",489.432694377932,24.3497828068807,NA,NA,354.503585389939,NA,NA,223.890221101857,NA,42.8151935366843,57.8822242950895,4562.09798767698,1009.57890301022,223.890221101857
"TCGA.B5.A11F",NA,66.3925069529104,NA,NA,NA,60.2548427869615,44.4657599590769,625.862410846265,NA,147.792092957599,1247.30416881832,3791.43398474736,224.560412419452,625.862410846265
"TCGA.B5.A121",22458.93282962,800.305582127111,NA,31.7767429556433,4593.88389648246,NA,NA,NA,3078.67117070939,845.606371287981,1114.76064559675,30256.5357124314,NA,0
"TCGA.H5.A2HR",413.252073539031,92.7706194245882,NA,NA,NA,9.3195254238511,NA,NA,NA,NA,1842.7627558285,5839.50175351903,565.627840970012,0
"TCGA.AX.A06B",203.074629398351,60.0277612251569,NA,NA,471.126445949412,NA,NA,NA,NA,NA,1203.39002042601,2123.25563025201,689.670782580801,0
"TCGA.DF.A2KS",182.467400824276,NA,97.279451627034,NA,NA,12.0228774174411,35.8963811178865,NA,NA,53.7170995679336,1713.1750634071,3569.75167525904,552.47356181166,0
"TCGA.A5.A1OJ",NA,47.9505929124559,NA,NA,NA,53.9937286593516,49.264600823078,619.199820590131,NA,114.16020412525,988.448526374227,2417.05318964426,394.040599939078,619.199820590131
"TCGA.AX.A062",113.129481335938,398.989782646014,NA,69.5399269619105,235.109824641705,116.178838280507,NA,2859.50438248623,NA,NA,NA,653.530545632242,NA,2859.50438248623
"TCGA.D1.A1O7",126.69535559895,183.95742335433,NA,46.8072437154365,206.219695996246,90.4594821543499,NA,1345.91754902409,NA,NA,NA,1621.94816868073,295.162831692709,1345.91754902409
"TCGA.D1.A0ZS",423.909385516221,276.25201107633,NA,37.7362333173388,312.159519573948,64.8278254904413,NA,1853.89950629314,NA,NA,NA,2229.35272891575,127.481681233739,1853.89950629314
"TCGA.AX.A3FX",100.286774015191,25.322278570988,17.0973536568993,NA,307.989205091092,NA,NA,NA,NA,NA,824.468418940553,1780.28065770487,611.117039739354,0
"TCGA.D1.A15W",228.950878694948,NA,232.383660807041,NA,407.995887821842,159.111877039604,NA,NA,NA,67.7622567629744,1735.82051926551,2775.39259088129,354.696118989311,0
"TCGA.FI.A2EU",99.8019958943784,49.2265641721473,NA,NA,391.082335583132,NA,2.09736843440718,20.6299030539996,NA,NA,574.652453211517,1947.59316249335,544.753922023335,20.6299030539996
"TCGA.D1.A0ZP",920.149656350157,NA,NA,NA,370.694540959099,NA,3.41592322712433,367.658241095564,NA,NA,204.729308797589,2428.31391245544,711.568341202744,367.658241095564
"TCGA.DI.A1NO",228.223312153269,55.1328722306909,NA,NA,579.454464267118,NA,NA,373.592549402318,NA,NA,901.788467864489,2150.41697494551,458.836714214973,373.592549402318
"TCGA.BK.A0C9",NA,706.79390111153,NA,NA,NA,287.724978352676,247.220954790652,4490.29184338086,NA,438.040666476046,3604.7056340354,4644.87729474968,1042.27947365371,4490.29184338086
"TCGA.AP.A1DK",275.57767195155,76.9396665046906,77.2955079331532,NA,NA,38.5784541059212,NA,269.609744774875,NA,NA,866.064282414611,2081.44044923973,204.707618011001,269.609744774875
"TCGA.A5.A1OK",70.0338052197789,32.0624163649894,NA,NA,54.7599660062147,22.4365018627866,22.6479648361753,364.998605576087,NA,NA,NA,1582.8853862474,115.531329583604,364.998605576087
"TCGA.D1.A17A",94.434674866289,191.648810558172,NA,NA,NA,157.269159079742,NA,1085.70832939216,NA,59.0994847901056,900.67513424801,2072.0173127823,485.83365768259,1085.70832939216
"TCGA.PG.A916",82.5972820196914,532.976421248532,NA,108.497418247711,426.700280889431,191.201887498969,NA,3715.3877834143,NA,NA,NA,354.058702337697,NA,3715.3877834143
"TCGA.AJ.A5DW",59.3507452252493,67.5092190819356,NA,NA,NA,25.5470268044665,NA,633.55259613298,NA,77.7717726769976,451.768217748326,768.634379588153,131.733335277873,633.55259613298
"TCGA.AX.A05Y",24.9224332820266,13.2922721242279,NA,14.2758093404661,NA,1.53358673292862,NA,415.479204888456,NA,26.085117112792,NA,532.208406675394,NA,415.479204888456
"TCGA.E6.A1LX",248.877612432676,54.4197607101163,96.0043601350252,NA,190.963775275546,48.6616914909293,NA,NA,NA,NA,1485.45045549381,2772.33543182523,277.212849025818,0
"TCGA.D1.A168",60.5958134877742,95.7521683769313,NA,NA,NA,64.2927667465182,52.8937483103186,1185.80440504463,NA,65.5950771235671,NA,1758.24112440621,253.749123862696,1185.80440504463
"TCGA.D1.A1O0",103.767090978799,81.6316455839835,NA,NA,958.18789350287,NA,NA,426.096718384435,NA,NA,650.174525211383,1843.61325426971,396.713606214658,426.096718384435
"TCGA.AJ.A3NF",219.634823689327,51.915285745043,590.667497520996,NA,NA,952.938838814934,NA,NA,13.4279738312114,NA,1478.02501371299,2238.68547416984,173.021669326178,0
"TCGA.FI.A2CY",263.11853996436,48.649194078693,236.759776964776,NA,682.099371957957,758.453496365364,NA,NA,NA,NA,811.399679904173,2903.9936325389,405.321244687473,0
"TCGA.BG.A0VW",145.275353737727,108.075351124978,NA,NA,NA,43.626473249384,40.9919352013115,1470.81366905165,NA,100.875408507185,750.767265328264,2310.61273396666,NA,1470.81366905165
"TCGA.B5.A0K4",219.735638871353,222.991435669969,NA,NA,39.3993654618733,52.9948178795325,NA,1848.29881394405,NA,NA,761.21520949935,2249.75193086698,380.881281713189,1848.29881394405
"TCGA.B5.A11S",NA,66.9526255893098,NA,NA,NA,102.716154979126,16.7177831628428,1099.14734702492,NA,1385.54101358033,NA,942.936179369501,470.709913189423,1099.14734702492
"TCGA.BG.A0MT",596.557949048903,106.028396407623,NA,NA,NA,16.3332051130848,74.5951723201642,434.691140679566,NA,2.29262212081271,1395.02652928431,8448.42268361297,NA,434.691140679566
"TCGA.AX.A1CN",73.1152734101152,NA,NA,NA,NA,65.8291503193597,79.4226381848702,658.849206306239,NA,156.482016873049,774.608303076946,2449.8507966342,296.949518617506,658.849206306239
"TCGA.AP.A1DH",NA,219.423490716749,NA,NA,NA,68.4078061946941,97.1136141189565,1315.74364657891,NA,152.417739386335,1022.98225627159,1610.87287185077,610.997139693569,1315.74364657891
"TCGA.D1.A17U",56.1738584244961,NA,NA,NA,96.8008568081158,NA,36.2409902934216,337.698928980666,NA,130.414780464495,1666.5629440687,2347.10966829168,574.301653774932,337.698928980666
"TCGA.AJ.A3OJ",186.193732461491,NA,61.4831805615024,NA,NA,22.4242112979991,64.8467087485048,NA,NA,125.173935872705,1685.73684258734,7296.47266081547,694.960928239889,0
"TCGA.B5.A0K0",300.428073374365,305.636363362825,NA,57.8035395862644,NA,114.575376382255,NA,2013.20785098654,NA,NA,1150.38320609451,1624.3912823408,468.97363478676,2013.20785098654
"TCGA.EY.A210",549.269855848801,44.7996623100719,67.7868107500042,NA,NA,NA,51.2741168819177,NA,NA,66.9039210699984,3014.95418987357,7439.63506756493,241.70585089654,0
"TCGA.EO.A22R",91.1722935714453,84.8669557015809,NA,24.1733185648156,NA,5.75276186213845,NA,740.374064682118,NA,NA,145.255868120506,1781.59657690789,202.22245505455,740.374064682118
"TCGA.D1.A0ZQ",522.104848909419,NA,102.740271067284,NA,NA,17.680993244559,88.5070384315297,NA,NA,184.923398849693,3517.73268709245,9468.82599785246,529.776101374104,0
"TCGA.B5.A3FB",111.325955020992,56.6477496156298,87.3385590228964,NA,1101.49010731433,30.6192280749438,NA,NA,NA,NA,1325.15788182142,1776.68043927093,715.239527074074,0
"TCGA.AP.A0LD",68.9745396581269,78.4935706990493,NA,NA,NA,3.00859459116412,48.2531135831438,801.173587203916,NA,NA,121.98613444182,3034.80333087871,438.160866231255,801.173587203916
"TCGA.EY.A549",49.8441108484193,NA,NA,NA,NA,34.0403766162087,57.5242186810771,1206.85765917457,NA,131.088079492439,899.263008261743,2479.06336560041,377.99662213844,1206.85765917457
"TCGA.D1.A176",36.6217953947934,39.6113155509346,221.33295988966,NA,867.085915186731,135.967972554941,NA,1002.03956221634,NA,NA,NA,376.915949059196,245.111323358192,1002.03956221634
"TCGA.AJ.A23O",69.012055998277,33.7758260587375,NA,NA,123.399018180116,NA,NA,662.071016507402,NA,24.3859592123908,231.744451438461,1274.18102978956,332.267280732106,662.071016507402
"TCGA.A5.A0G1",170.043355658583,3.57322292308834,41.3342567273239,NA,674.553798390115,10.5206924653671,NA,NA,NA,NA,871.598608688219,1914.42196179642,257.554024507707,0
"TCGA.B5.A0JT",28.9993731813556,321.340221055395,NA,65.873611750901,NA,154.346217656539,NA,2351.25672612262,NA,13.5150912693209,NA,957.987907078492,298.049323193906,2351.25672612262
"TCGA.FI.A3PV",162.12373002067,NA,20.3030185350399,NA,51.2065388682499,17.7950490000958,NA,NA,NA,21.8147430545582,729.578568360159,1842.45366030927,133.39610122001,0
"TCGA.A5.A0R6",102.596039750761,23.5843251564348,NA,NA,297.597693844857,NA,NA,86.3504422321955,NA,NA,760.611534404302,1295.73866937152,434.825722947878,86.3504422321955
"TCGA.D1.A16B",219.382140347245,137.821818333955,NA,15.774523998341,NA,29.261992609433,NA,580.356118773464,NA,NA,1022.35236602981,1262.85277902326,377.443307684521,580.356118773464
"TCGA.D1.A103",210.780038968514,NA,29.4298320428767,NA,456.387252730624,94.1845832393611,NA,203.086929343044,NA,NA,619.27682319507,2154.05638963335,187.00010780168,203.086929343044
"TCGA.BS.A0VI",751.363250997365,75.040542276063,152.956235000684,NA,NA,189.08996216632,16.71500222509,NA,NA,NA,1785.18649872574,7401.33035803399,207.23157336949,0
"TCGA.EY.A4KR",146.040142913538,30.7555272010883,177.492250870198,NA,NA,171.269656623423,NA,360.202207293148,NA,NA,702.033642926775,1473.07855113078,137.691732999305,360.202207293148
"TCGA.AP.A05H",308.39115937371,NA,NA,1.50346318738043,1092.77702507694,NA,9.87531385547146,37.7122527167605,NA,NA,315.847495358812,2622.39417117242,1394.80041661108,37.7122527167605
"TCGA.B5.A0K2",139.986618117941,NA,41.8859660493369,NA,320.89700533892,28.875762454705,NA,741.38684840008,NA,NA,770.739772999675,2253.46076833984,446.936097594151,741.38684840008
"TCGA.BK.A56F",122.786785256439,447.42999854068,NA,133.378295972228,210.14652953027,76.48785861619,NA,3402.13616484878,NA,NA,NA,738.736036939567,NA,3402.13616484878
"TCGA.EO.A3L0",182.407315143298,673.166427435918,NA,143.332395976611,315.995968544147,202.819351909379,NA,5996.2432861521,NA,NA,NA,1888.37811699655,653.831538582333,5996.2432861521
"TCGA.D1.A165",333.989599168298,4.79651517638009,NA,NA,538.963420612278,34.3892057871274,NA,NA,NA,NA,930.596054434555,2231.55393060666,764.087855308972,0
"TCGA.A5.A0GP",NA,126.070709804375,62.3345250785957,44.4134097288868,NA,126.887756233604,NA,1359.71044677469,NA,70.8962843589367,NA,1762.81566389286,197.489078259824,1359.71044677469
"TCGA.AP.A0LN",119.147313974344,32.7297781441024,20.0036430178171,NA,27.6031387662207,NA,NA,150.921398501573,NA,NA,320.184698732656,1778.35666649109,217.86381058825,150.921398501573
"TCGA.D1.A17M",106.278908314138,14.4120474319885,49.1643418863147,NA,408.770505169462,NA,NA,NA,NA,101.618459127934,1185.98477974813,2464.38602196834,481.775616595985,0
"TCGA.BK.A13C",340.001214424739,53.6851060593225,80.0717694798141,NA,NA,75.2901114802846,NA,348.493648714308,NA,NA,1364.4516352246,4265.1631997532,239.333014877794,348.493648714308
"TCGA.BG.A0MQ",75.0377195678298,69.1505868726018,157.528820879912,NA,1160.62891808331,0.15372047617396,NA,NA,NA,NA,1385.37884466739,997.117176420263,651.693773891557,0
"TCGA.KP.A3W3",128.422681130717,96.7811332918813,NA,NA,NA,NA,87.1023418278675,927.924259410124,NA,213.017053734646,1379.93301249446,3386.06280861143,357.053039013902,927.924259410124
"TCGA.AX.A05S",173.851849467108,46.7751932927438,NA,NA,NA,NA,26.0625554252487,540.254542163059,NA,72.5149702576701,1215.10167472376,1735.28377050239,199.69412410288,540.254542163059
"TCGA.B5.A0JZ",293.582655573144,60.320351797568,NA,NA,455.88934628157,NA,NA,NA,NA,NA,2085.30460898227,4076.65968330433,835.361856626806,0
"TCGA.AJ.A3BD",64.3728613177999,29.684558641848,NA,NA,1305.6631849234,NA,NA,927.069375266475,NA,NA,580.963535819385,925.39394591832,782.622542039013,927.069375266475
"TCGA.EY.A1GM",180.04249550348,95.4316699139897,85.3670183326503,NA,85.1336053179769,NA,NA,NA,NA,74.0387367265579,2021.74621186688,3704.6373429619,1073.28111678127,0
"TCGA.A5.A0VP",173.549476479047,137.12889830329,NA,16.5451844122685,NA,40.0553216932294,NA,462.486832096211,NA,NA,712.91975222025,1770.87282119815,490.631861467251,462.486832096211
"TCGA.D1.A16N",121.991040870755,44.8167905963629,44.8128962660161,NA,188.095708838322,NA,NA,NA,NA,8.03259718791142,765.731726312267,2349.83396734375,414.749499352796,0
"TCGA.D1.A2G7",133.768773940919,13.4090656680171,189.770027759516,NA,865.07716993856,224.219091397714,NA,NA,NA,NA,1293.02076924041,1657.00965152709,934.002921778432,0
"TCGA.AX.A05Z",246.203692211469,NA,326.671712539259,NA,182.392754318725,409.435696650389,NA,NA,NA,37.4184170040915,1435.54097448772,2557.39132999708,406.443973503902,0
"TCGA.D1.A0ZV",285.646053713824,6.33879478310404,NA,NA,488.557104755429,NA,NA,176.395907733471,NA,NA,1362.7523774652,2069.86768654046,273.575266099249,176.395907733471
"TCGA.EO.A1Y7",17.5455397764861,15.1422073742111,NA,NA,242.293537185161,NA,NA,305.451155903829,NA,101.952787022787,388.51819269071,1016.72412419196,59.6521308810453,305.451155903829
"TCGA.AX.A1CE",NA,NA,509.633057259641,NA,6469.05108712577,NA,NA,NA,NA,NA,3299.63958796804,NA,NA,0
"TCGA.B5.A11P",217.867168663018,68.2048853985597,8.96262312150089,NA,302.39801399922,NA,8.23799204192076,NA,NA,NA,839.597949824373,1725.13520358617,420.632402208036,0
"TCGA.EY.A3QX",1203.61839254029,320.940355371162,320.580201532834,NA,NA,67.6048296806564,NA,NA,NA,NA,4033.52590059965,13732.3747522315,1779.51868259701,0
"TCGA.AX.A0J0",236.868227782885,109.951247927772,NA,NA,NA,NA,196.002866739989,1216.9695956508,NA,208.826628361537,1688.24671816855,5026.8702984164,303.694759358427,1216.9695956508
"TCGA.FI.A3PX",96.8497425282247,4.170326664612,7.278042422402,NA,24.8926897707247,NA,NA,NA,NA,18.600156152626,955.972542527697,1346.76873653157,380.614542003705,0
"TCGA.DI.A1NN",38.4412649143641,114.509935369654,NA,NA,NA,78.4623043050272,52.7723406519498,1221.77212222778,NA,64.841019064863,291.608218377107,2055.21079528666,NA,1221.77212222778
"TCGA.EO.A22Y",269.807259403625,90.6188279354233,NA,NA,NA,19.7153227935807,15.9041255793973,334.089103570676,NA,NA,1830.63700284966,3090.12168893362,326.956268140507,334.089103570676
"TCGA.B5.A1MX",102.270989357565,374.615394535848,NA,98.1675349051533,161.178566595551,89.511662410114,NA,2807.31282547225,NA,14.1023335652461,NA,263.391068907741,NA,2807.31282547225
"TCGA.AX.A1CC",130.923329433948,NA,193.189260442707,2.74374437131286,227.350843562483,371.667387533724,NA,NA,NA,NA,720.217259231176,2032.84168341636,358.789717474689,0
"TCGA.AX.A3FV",104.014837157082,6.11474007822637,NA,NA,700.110031393519,NA,NA,343.561243146247,NA,NA,812.644859769755,1643.56367782859,521.901760064199,343.561243146247
"TCGA.D1.A3DA",117.034285803426,NA,251.356099058571,NA,94.3416646180671,213.527259614588,NA,NA,NA,8.08793067140905,1015.76485717484,2966.41958094521,359.722681414263,0
"TCGA.D1.A17L",46.5822192429719,101.036826140502,NA,NA,386.604688331016,NA,NA,213.623665644951,NA,15.7406663581739,1095.64326648401,2581.8409765069,661.69122501297,213.623665644951
"TCGA.BS.A0TA",32.7833871763578,30.0464457440127,NA,NA,NA,16.2957926627914,NA,480.510983681649,NA,19.5390508365114,379.582369505741,784.616523627265,30.5779511851691,480.510983681649
"TCGA.AX.A05T",177.7885061962,55.576921615699,15.1723176769961,NA,343.183335898556,NA,NA,NA,NA,NA,934.670760604647,1740.401832204,630.671539883985,0
"TCGA.AX.A0IU",134.901014827541,19.0726207466288,NA,NA,3.92978571414681,NA,NA,202.008144443686,NA,6.74352312903073,392.160726361003,1257.32819308716,317.067617540873,202.008144443686
"TCGA.E6.A1M0",158.495482117154,75.8833665805912,43.0675556703432,NA,311.981024596617,NA,10.9883056278741,NA,NA,NA,1100.28251949368,2332.10927977203,718.954934310848,0
"TCGA.D1.A1O8",89.7415545154006,332.983679914968,NA,94.156595907521,317.112460769168,170.348583997167,NA,2316.1907340094,NA,NA,NA,1115.73199496201,622.587395992797,2316.1907340094
"TCGA.D1.A16R",71.3939933585195,91.9411132088698,NA,NA,NA,18.8191796931714,8.06745063798944,1029.65501039058,NA,44.91345027403,NA,1885.06740675172,97.8586530822263,1029.65501039058
"TCGA.AX.A1CJ",5574.89683752655,2406.11464709107,600.37271092851,NA,67008.4465273383,3664.15742888823,6183.5041630992,NA,NA,NA,NA,NA,NA,0
"TCGA.AX.A06D",119.116565342639,330.11943264782,NA,86.9318240068565,NA,107.89666329483,NA,2061.22025363144,NA,NA,1058.88718193749,2177.35614620238,564.700818438676,2061.22025363144
"TCGA.BG.A0MS",30.283983900328,50.9578102173011,NA,NA,47.7083705610601,46.9190793717077,NA,202.551384707161,NA,NA,914.072418816699,1410.87091693378,458.681895761247,202.551384707161
"TCGA.EY.A1G7",138.735897092345,121.421913694417,NA,NA,1126.11650863672,NA,NA,1468.77698089023,NA,NA,270.130453302639,2126.19455099785,448.056743388375,1468.77698089023
"TCGA.EY.A1G8",119.687843740263,60.4598992993506,NA,NA,1239.58083924538,NA,NA,1015.39018507046,NA,NA,649.668057449764,1681.28441529202,414.376699996731,1015.39018507046
"TCGA.BG.A0M8",256.523271643139,151.49573338208,NA,7.92029410374177,98.6762392392523,NA,NA,780.550558778407,NA,NA,720.724404459764,2540.69392182481,392.911943604208,780.550558778407
"TCGA.FI.A2F4",9.12495958644429,3.12793870118723,NA,0.165223108084504,NA,NA,NA,51.4853367158411,NA,6.28140784964792,78.0597053280876,57.7016846512905,53.4129305458749,51.4853367158411
"TCGA.EO.A3KU",NA,34.5618105210908,32.8034093202491,NA,NA,32.1977363981991,100.783644458079,NA,NA,209.23071323165,1460.8742881953,2330.16837105433,495.054603724288,0
"TCGA.D1.A2G5",129.828616716962,164.664320272345,39.9386249706389,NA,145.375756065749,170.778297566349,NA,NA,NA,NA,1461.53655783413,1361.39190358524,886.806515080213,0
"TCGA.2E.A9G8",244.06780255022,575.761308422752,NA,161.546697421642,382.555993786953,153.823036338928,NA,3865.48695365937,NA,NA,NA,152.771124376759,NA,3865.48695365937
"TCGA.AX.A1CR",NA,106.939284269831,NA,NA,NA,72.5902902228841,118.137533507603,942.132785053439,NA,171.412180658005,1330.18668037106,3003.47956845112,534.622765193296,942.132785053439
"TCGA.KJ.A3U4",120.49868364334,289.734018256132,NA,51.3370433676483,154.569888578806,83.7452526149454,NA,2000.78696189219,NA,NA,NA,1180.03619940702,85.802852071085,2000.78696189219
"TCGA.AX.A2HF",133.478878788021,38.8584538666568,59.9867265166067,NA,530.263936365167,46.7154080579575,NA,NA,NA,NA,971.346022412411,1871.48666235318,723.377618516536,0
"TCGA.AX.A1C5",336.689942607713,NA,102.829090323211,NA,NA,NA,313.863951004388,NA,NA,340.781075619879,2936.50996533699,13432.1113044709,187.636545942472,0
"TCGA.KP.A3VZ",35.2379997747095,18.6963450500118,3.65309302338892,NA,NA,NA,NA,487.523334574103,NA,32.5599539031847,104.486111933199,1085.34612729912,104.972552067904,487.523334574103
"TCGA.EY.A212",137.777877078292,142.631196366003,146.566585392413,NA,626.776416546505,193.650621809279,NA,NA,NA,NA,1818.25896053011,2533.56363723472,650.338861833698,0
"TCGA.EY.A214",391.056061096345,36.7952007139457,75.8339089334794,NA,NA,NA,NA,NA,NA,134.729723910541,3063.81850478556,4748.05747539854,458.073623560897,0
"TCGA.BG.A220",492.008756969726,10.9579128165198,NA,NA,NA,NA,113.606982089876,1030.78234009881,NA,209.817827996621,837.395546184232,3967.27028756566,412.090076800343,1030.78234009881
"TCGA.AX.A1CP",600.540370725349,162.107327568688,54.0483852255999,NA,NA,NA,44.9922837861441,NA,NA,152.05649281867,6089.9089962366,14832.4262998904,387.885922535777,0
"TCGA.EY.A1GQ",425.047519800817,215.105916914655,28.2680652018772,NA,28.1078495039072,NA,NA,NA,NA,NA,2557.32686142891,6272.68196787489,774.334092576613,0
"TCGA.BG.A221",13062.8192870037,NA,NA,NA,7215.80717599731,501.840746998224,1084.89027208526,NA,52.7042402683317,315.030615468557,NA,42087.4100916916,NA,0
"TCGA.EY.A1GK",72.3458735146339,53.805428367258,147.963485265196,NA,828.518729808909,73.9311015529215,NA,NA,NA,NA,836.366474884042,1458.3441066521,860.484562023424,0
"TCGA.AP.A051",162.251653804713,25.6972072246204,23.9583624063311,NA,271.98187277399,NA,NA,NA,NA,43.2409967795317,1371.26331343068,1624.55176876671,574.428317455386,0
"TCGA.AJ.A3OL",369.035827408774,NA,NA,NA,NA,NA,70.035319804495,NA,NA,96.1904006816093,3201.11192585153,5776.53877592282,1051.86870574174,0
"TCGA.AX.A2HD",114.371688760038,276.635154648927,NA,41.202362267165,NA,110.772798781798,89.4072553357233,3863.17106859997,NA,165.05403931392,NA,3519.73533830664,NA,3863.17106859997
"TCGA.B5.A3F9",59.971929452054,315.265022978373,NA,52.0765169594371,217.074622467139,130.88873164712,NA,2646.24184390424,NA,NA,NA,2695.27041708621,796.709308286608,2646.24184390424
"TCGA.AX.A2H2",NA,21.6891051722358,NA,NA,2975.71332395068,NA,11.1553665494825,394.941006277146,NA,NA,NA,1757.71816391846,318.387027871388,394.941006277146
"TCGA.BG.A0YU",157.295157175118,52.6439218879935,35.3104587996455,3.28799391749194,186.259641140506,NA,NA,515.08286238451,NA,NA,NA,1481.58293229148,285.655455276587,515.08286238451
"TCGA.B5.A11W",NA,120.771473893123,NA,NA,NA,59.3377107114624,126.997412500567,1819.67075569826,NA,221.590095766336,713.44903621101,3986.91168241943,314.440232350822,1819.67075569826
"TCGA.A5.A2K5",71.2161202744139,166.603169443537,NA,NA,NA,64.7842669451154,53.58988375514,2136.97925244942,NA,76.3548143424367,NA,2386.72858007516,140.205405875221,2136.97925244942
"TCGA.AP.A1E1",145.398319015163,60.3852923314726,29.4301720241832,NA,352.334133825975,33.7942515559004,NA,NA,NA,NA,884.89675482455,1750.85926129111,620.744973376009,0
"TCGA.EY.A1GR",227.960148394165,60.5562546740087,NA,NA,304.493127574479,20.0274112542444,NA,NA,NA,NA,1482.13330430694,3311.18573620288,672.813507529268,0
"TCGA.A5.A0G2",180.493990203248,48.6815772576728,11.3130765626671,NA,NA,NA,NA,628.862400402164,47.5682618742632,15.7166743900557,219.071854974765,2290.72545891608,NA,628.862400402164
"TCGA.BK.A139",382.723716863382,154.400237573287,8.66293373059556,NA,221.881417017585,23.5126201264779,NA,NA,NA,NA,2162.42897351627,3742.77938142214,693.236654270893,0
"TCGA.BK.A139.1",118.343789261587,94.695873678825,NA,8.28079542349452,161.522964762414,NA,NA,517.772711668425,NA,NA,227.7107719559,1779.0603997726,265.047741486134,517.772711668425
"TCGA.BK.A139.2",NA,79.7605704132262,NA,NA,NA,37.4831135324551,72.8155836785432,1137.75436342279,NA,92.1988813209114,389.594190868446,2215.68178288509,149.240954967877,1137.75436342279
"TCGA.BK.A139.3",102.637521877268,30.5817403613999,NA,NA,272.992083747135,NA,NA,627.99740389438,NA,48.9917623018624,229.62715682511,2820.1331139438,350.500838924756,627.99740389438
"TCGA.E6.A2P9",170.441337573715,66.4062697440817,NA,NA,NA,0.454429786914812,NA,NA,NA,NA,1333.51734297681,2069.67871858865,359.081690908157,0
"TCGA.EO.A3AY",168.109164833074,149.136791211115,NA,42.2170189860607,123.894728951627,30.32436528918,NA,1580.42206328076,NA,NA,NA,1234.65559037967,NA,1580.42206328076
"TCGA.B5.A11Z",161.239918087838,41.1096177750261,29.6856137418241,NA,327.658698352974,NA,NA,NA,NA,25.4381609173365,772.498995717267,1827.90826622022,580.108372682393,0
"TCGA.BG.A3EW",210.946102517948,34.909752509723,NA,NA,248.962289246719,44.5754920427864,NA,NA,NA,NA,1306.40017582986,2808.41034711906,643.950805141311,0
"TCGA.AX.A3G9",188.355438145017,34.2427610147849,54.7695408231136,NA,95.0493931515194,NA,NA,NA,NA,64.1483496710674,1054.22196336099,2508.26086039229,602.786544389748,0
"TCGA.B5.A0K6",233.639638366768,NA,74.7559421026799,NA,426.366202308484,NA,NA,94.1571137657773,NA,7.35474183156038,539.205109299103,2444.76018579079,129.495275562128,94.1571137657773
"TCGA.BG.A0W2",123.976583892938,54.9662271255926,NA,NA,496.015999391105,NA,NA,117.40604615505,NA,NA,1096.29539510887,1745.09433865681,479.751759284394,117.40604615505
"TCGA.BG.A186",177.205414820363,39.6505541107177,29.8434471901143,NA,490.744107051411,NA,NA,NA,NA,5.77804014656544,1175.21403898308,2210.43443712885,649.672114367803,0
"TCGA.EC.A24G",114.378125040061,277.08789507014,63.3171077582594,22.9208631114613,243.314405857092,261.319589885871,NA,2134.82783938732,NA,NA,NA,539.027138769627,NA,2134.82783938732
"TCGA.B5.A0JU",NA,62.3202487514934,NA,NA,NA,58.1941788831416,39.2174534348593,1376.21756759807,77.4923591764944,939.312085276945,NA,3267.23421267219,619.890926628372,1376.21756759807
"TCGA.BG.A0RY",138.619761006356,105.335523233961,NA,24.4553584614556,134.57212802093,11.2769539582263,37.4886738522393,1538.97647833832,NA,NA,NA,2074.27987876315,NA,1538.97647833832
"TCGA.BS.A0UF",274.483601083977,30.4792278806079,1.83294051568133,NA,645.406450627405,NA,NA,592.388623154202,NA,NA,815.340998952321,3144.52373588216,489.158600795602,592.388623154202
"TCGA.EY.A2ON",76.0107083352674,272.473417338142,NA,24.9255184220379,455.035813915951,160.815740750381,NA,2208.52211466705,NA,NA,NA,1422.21702129624,131.443416894531,2208.52211466705
"TCGA.B5.A1MW",99.2946673339397,121.367056018554,39.645636145562,NA,NA,107.75476679871,42.0340095303967,1353.45658817797,NA,NA,393.68236515768,2249.37466890277,NA,1353.45658817797
"TCGA.BS.A0V6",118.106363141946,33.890433186759,NA,NA,950.508758288751,NA,NA,NA,NA,NA,1141.88540687091,1557.69320418612,618.246590694689,0
"TCGA.DI.A1BY",90.3069044784107,79.0537107204593,NA,NA,NA,NA,63.0790118822061,159.863482938037,NA,133.065964101574,1745.84579421072,2411.40277765487,821.275937831863,159.863482938037
"TCGA.D1.A1NZ",78.6556465746476,24.2745959225263,NA,NA,385.16050869071,NA,2.66132491612155,74.0246793224997,NA,NA,774.816393606629,1562.61080877936,489.123584054688,74.0246793224997
"TCGA.EY.A1GS",36.5160602592933,62.4526358953621,NA,NA,NA,45.3142194151186,21.6621634306634,599.810668447249,NA,47.8434736338364,572.555865622602,1766.39928226921,NA,599.810668447249
"TCGA.AP.A05P",129.892621183451,47.3814509101878,NA,NA,321.259706161247,NA,18.0974765305843,566.106791367876,17.7415689542211,NA,NA,1442.59802199642,241.821480737999,566.106791367876
"TCGA.AP.A0L9",210.677576219869,8.08166831540841,NA,NA,552.816641232104,51.8830957932414,NA,NA,NA,NA,1134.97582719085,1742.83142100834,627.800544350465,0
"TCGA.A5.A0G3",60.7423216494145,NA,NA,NA,974.772437178226,NA,NA,NA,NA,NA,1667.9036890604,1235.97491500426,728.077864642301,0
"TCGA.FI.A2EX",1223.87547504328,128.160932065938,1268.12101995129,NA,NA,1965.70230091519,112.449778199384,1160.57121014343,NA,NA,3390.28884446397,14491.3379037345,NA,1160.57121014343
"TCGA.AP.A1DP",32.0923884380056,NA,52.1952825244461,NA,91.2977296989303,79.5680915067192,NA,275.695833970189,NA,NA,222.870961191732,1190.33175574073,41.1547659192721,275.695833970189
"TCGA.D1.A3JQ",172.779604780625,61.2997362396807,NA,NA,550.341200429867,131.800225340887,NA,86.469698539398,NA,NA,805.173274282458,1858.74297747073,448.65052750933,86.469698539398
"TCGA.AP.A1DR",356.741947771386,911.904769726742,NA,165.880648515709,497.823159357987,326.459126846985,NA,6056.70229257074,NA,NA,NA,1215.2413173887,NA,6056.70229257074
"TCGA.A5.A7WJ",184.964860413924,144.592495003705,NA,21.5650303308893,NA,6.48403996678999,NA,986.822622279836,NA,NA,348.102852786832,2458.4735134489,309.46228915698,986.822622279836
"TCGA.PG.A5BC",229.889071921604,41.858106800036,59.2188113721613,NA,NA,NA,46.146696468427,NA,NA,113.840076192875,1222.1949129887,4311.63371092499,358.613931259888,0
"TCGA.A5.A2K3",495.577584274041,61.3644443309818,NA,NA,341.065866795797,NA,0.167887158924692,NA,NA,NA,1457.03886465542,4266.24603081342,985.356203380121,0
"TCGA.A5.A0GU",222.021523465986,54.8077842238126,NA,NA,266.037722062486,32.0810472082758,NA,NA,NA,NA,1350.85485643427,4090.69833752772,772.002866396722,0
"TCGA.B5.A0JS",67.7701903897167,125.554376838358,NA,NA,115.211223151789,29.5608690512662,NA,679.627870435872,NA,NA,407.412122639695,1671.62015323875,292.354488281892,679.627870435872
"TCGA.DF.A2L0",271.570822548975,NA,NA,NA,463.886533598453,465.027647961191,275.567290825863,NA,NA,1536.88040253297,6990.70185231553,1467.28951991246,1986.34626130065,0
"TCGA.D1.A17C",108.931484803906,40.5270130591529,NA,NA,NA,8.7370169667903,NA,985.871434402984,NA,744.166903910584,1002.84637247065,2235.72260989291,388.742793506022,985.871434402984
"TCGA.A5.A0GG",NA,287.230153994644,68.3840932808089,NA,NA,161.208492585765,446.621063423724,NA,NA,1176.48129031333,8074.92332984077,3108.01500266799,1969.32369822632,0
"TCGA.EY.A1GP",139.70478783441,31.7678274652805,NA,NA,507.600637685059,8.62788520956265,NA,NA,NA,NA,868.94138313538,1731.94447333075,495.277536655341,0
"TCGA.AP.A1E4",42.1958449187377,62.119402174272,NA,42.1057029852663,270.20124515558,22.4343402845395,NA,984.879642179136,NA,NA,NA,959.847686030318,107.051986581863,984.879642179136
"TCGA.D1.A174",83.4557330417078,NA,47.4463295626831,NA,NA,NA,36.1405635156063,262.637352792016,NA,56.9027471508184,1170.74773755108,1715.12270908542,625.175458446924,262.637352792016
"TCGA.DF.A2KV",116.003309590738,31.7584828603395,117.294168992809,NA,1146.62039304545,126.237783222439,NA,NA,NA,NA,1649.00119811175,1906.70463162391,845.808547732194,0
"TCGA.AP.A1DM",134.125762739674,295.172506194501,127.200885724052,30.4940379031058,910.497567960343,392.114603851347,NA,2740.50209448797,NA,NA,537.422606535551,NA,NA,2740.50209448797
"TCGA.AX.A3G1",127.83165410483,8.2724245826897,NA,NA,630.890937716692,31.1950643210087,NA,NA,NA,NA,1034.12394903957,1867.91190893853,793.426507740771,0
"TCGA.AP.A05J",NA,305.793696930312,NA,NA,NA,72.1508970514493,315.905078515347,2581.61056617229,NA,575.06788236936,3891.07041807662,3078.97138806874,1208.44411028376,2581.61056617229
"TCGA.B5.A11R",5051.29335665966,5.84291699319318,NA,NA,1012.57284679743,NA,NA,1899.17132446195,NA,NA,424.62520374285,6801.11083668526,654.628346858068,1899.17132446195
"TCGA.BG.A0M3",NA,69.9483016885096,1145.75945642797,NA,43303.5127175888,1776.42009390601,15846.2455125958,NA,NA,NA,NA,176.095832463621,NA,0
"TCGA.B5.A11V",333.783505613173,NA,NA,NA,NA,NA,43.0921674949693,135.851835869277,NA,214.310560022384,980.363340857053,4171.18002284584,226.403447052267,135.851835869277
"TCGA.FI.A2EW",489.319911380319,NA,NA,NA,438.324893067229,5.03232217645463,NA,NA,NA,18.0390685410474,1001.24325017521,3832.95506793754,999.677456814409,0
"TCGA.BS.A0TD",64.0049937719787,63.7947001378291,NA,NA,NA,97.1555913014767,41.7632798370631,840.88530340033,NA,70.664377013865,577.352833473368,2666.8109370827,NA,840.88530340033
"TCGA.AX.A2HH",64.4471623035093,23.0378362374307,1.94231899537566,NA,1134.14270105874,NA,NA,NA,NA,1.33136954863574,847.508450239097,1340.11020856294,593.228033163219,0
"TCGA.B5.A5OD",170.947559576468,30.3474116964234,73.2951754387773,NA,259.221316712246,61.9000291183296,NA,NA,NA,NA,630.471725021115,1723.01122945082,382.576742292601,0
"TCGA.BG.A0MC",1006.19507263027,68.9828055714211,NA,NA,NA,27.5305166703128,11.8314420703801,NA,47.839915125075,NA,2759.10317170746,7644.98544338563,185.62771288258,0
"TCGA.D1.A3DG",604.025327693675,248.222064645683,NA,14.0542183825784,NA,38.1145860010215,NA,1032.52684934253,NA,NA,2894.04757680427,6561.41190474741,430.122255648671,1032.52684934253
"TCGA.B5.A0K3",50.9032319023885,NA,37.6246803319512,NA,NA,38.2720898263878,39.0601606834356,1032.52323415607,NA,40.366406474472,NA,2511.35977451326,352.767673024452,1032.52323415607
"TCGA.EY.A1GO",321.424466981986,NA,486.464695959257,NA,NA,291.565815211131,NA,NA,NA,85.8548440395906,2550.14400626083,5143.19913777649,652.532868683457,0
"TCGA.D1.A16D",318.065911771326,274.202848313897,549.38507331833,NA,NA,772.962461317072,NA,1327.09896363631,NA,NA,1484.00357089253,2634.81408658783,736.224633571332,1327.09896363631
"TCGA.AJ.A3EJ",135.681549290874,248.281877779604,NA,NA,699.490553127195,202.407881918796,NA,NA,NA,160.78018543711,2075.3682923286,2642.15777081073,712.962656490795,0
"TCGA.EO.A22T",120.099716979289,NA,118.45140729037,NA,288.600252710056,49.3334342179544,NA,223.223460206572,NA,NA,330.401433850614,2700.0769688435,477.236104848372,223.223460206572
"TCGA.B5.A0K1",NA,640.614753536884,801.66322240661,NA,39756.1080982438,1674.12406131846,13738.238366362,NA,NA,NA,NA,409.223210912243,NA,0
"TCGA.B5.A11I",43.5145968448583,79.2280445860977,NA,NA,NA,26.7596468035848,33.7885868856076,1407.5423614914,NA,570.290736336827,NA,1379.82298169221,271.230449725289,1407.5423614914
"TCGA.AX.A2IN",110.402729407364,NA,NA,NA,1345.09489244968,NA,NA,149.851637396464,NA,NA,795.322941909055,1000.88292219321,532.93065539002,149.851637396464
"TCGA.EO.A2CG",NA,67.1685486806121,NA,2.49593912478437,NA,71.8463453755795,6.69492860772384,1607.7708412603,NA,1467.58848870573,NA,746.548790331994,412.595662003197,1607.7708412603
"TCGA.AJ.A3TW",NA,91.740919167171,NA,NA,NA,66.183445375796,46.5774496518522,1329.28740227434,40.6575720920377,1514.3263617419,NA,793.113455119319,593.547278931662,1329.28740227434
"TCGA.BG.A2AE",105.526323965447,188.879218374474,NA,50.2831791417017,207.44862855534,37.6426793998229,NA,1703.17443488214,NA,NA,NA,596.650384437683,NA,1703.17443488214
"TCGA.KP.A3W1",505.368059181582,103.975943391248,81.1114451208786,NA,NA,NA,NA,86.7083875531593,NA,55.0800133867814,2024.32799365412,7491.06755645765,317.103979335631,86.7083875531593
"TCGA.FI.A2CX",260.519046142138,61.1236416894857,NA,NA,NA,13.6216576935113,NA,1363.48103889006,NA,39.2584569460808,716.708498463993,4528.5174669759,292.314512785801,1363.48103889006
"TCGA.AP.A053",219.36636209384,180.331672308431,NA,NA,33.8827907012125,80.9284086467597,NA,1358.49247085487,NA,NA,405.692011635162,2352.93345658607,184.319451856321,1358.49247085487
"TCGA.AX.A3G3",65.6445327324986,2.42892378532803,NA,NA,87.2146475989936,NA,NA,229.302408565171,NA,92.994517646435,305.87891709495,1300.78599130342,34.5092652587283,229.302408565171
"TCGA.A5.A0GM",122.129206134893,31.8472016275687,NA,NA,659.419497130273,46.3199953052325,NA,NA,NA,NA,1060.8189850094,1375.99856007372,938.906398797459,0
"TCGA.B5.A0KB",232.87505379913,NA,2019.35622339475,NA,NA,1850.62983191268,30.5466933632227,NA,NA,78.3000800817257,2199.29594568843,4384.24744600588,1027.2009437401,0
"TCGA.D1.A3JP",NA,69.0358922783927,NA,NA,NA,65.2142675187469,111.666700909525,1362.24040131432,NA,104.486871839423,384.83857299884,2172.24148653602,284.472287949513,1362.24040131432
"TCGA.AP.A05D",112.285465144693,196.647943438607,189.018678798704,NA,374.557924115816,188.980005593074,NA,1503.4965287445,NA,NA,NA,1306.04100557322,470.736104073293,1503.4965287445
"TCGA.EY.A215",93.4855020253807,6.78182986570025,17.1074127036926,NA,506.342838932204,NA,3.02653798583452,NA,NA,NA,690.669620581263,1333.92637382996,601.361482103059,0
"TCGA.AX.A2H8",187.842737411503,70.9482999204199,114.868326460057,NA,166.732095764788,258.000041085751,NA,NA,NA,NA,971.4088651455,2551.6139475859,432.227554986387,0
"TCGA.FI.A2D5",46.1635025467202,NA,51.9517646788682,NA,4689.83390650558,283.871201761017,2113.21139526701,NA,NA,NA,NA,3945.97566687326,NA,0
"TCGA.D1.A102",75.5568018713159,82.9430915288026,NA,NA,253.2621210748,8.87974409874369,NA,516.812561377492,NA,NA,183.499733280992,1056.65350287491,460.702628043031,516.812561377492
"TCGA.DF.A2KN",133.140264961021,17.1306642019009,40.9560133778154,NA,79.3660726142355,NA,NA,NA,NA,26.0239052968512,979.496681113784,1582.89731583208,460.020508154494,0
"TCGA.QF.A5YT",NA,NA,NA,NA,551.334702303817,24.7098737300206,32.4634129668432,266.164521678763,NA,32.4800103031497,712.917226967392,2823.35710641413,493.536704891151,266.164521678763
"TCGA.B5.A0K8",142.870452465945,NA,6.96323977878333,NA,404.831802279278,NA,NA,17.4980446242748,NA,NA,901.642635338152,1819.94943068457,491.011209597051,17.4980446242748
"TCGA.EO.A1Y8",NA,24.6311284144854,NA,NA,2549.88786414022,88.2029110075115,8.34928890342668,1912.32589434144,NA,NA,NA,NA,1148.75611627588,1912.32589434144
"TCGA.B5.A3FH",147.65091733664,23.6876839151947,44.0059701032497,NA,477.10012860813,142.652042123671,NA,NA,NA,NA,1160.88507992896,1658.95493195372,546.913078935239,0
"TCGA.SJ.A6ZJ",263.295146258857,159.591857378135,67.6177064589074,NA,NA,17.0220401241616,NA,NA,NA,140.650232473803,3075.51545254788,5007.6461088658,583.274154702225,0
"TCGA.A5.A0G9",283.739456673275,212.546151345137,NA,41.0492159999395,146.119656782268,7.32634880514627,NA,1397.65079055137,NA,NA,NA,1558.27647179819,125.443587226863,1397.65079055137
"TCGA.A5.A1OH",403.598949677198,225.860848914586,NA,NA,NA,53.7060249180822,218.998396616341,NA,NA,451.601760436099,5707.29332964884,16625.4967408546,1133.62531685886,0
"TCGA.EY.A1H0",102.416194367684,93.3095284793085,NA,NA,NA,NA,33.3858957466505,884.037699883444,NA,76.3331506285353,1022.57475935807,2029.21994683798,129.862522379016,884.037699883444
"TCGA.AP.A0LF",325.961869325506,73.1292630603344,117.56633323496,NA,NA,NA,47.5317692214525,NA,NA,110.678662273968,2751.51115559011,4917.93579369805,575.718591268757,0
"TCGA.EY.A1GF",68.1821081665253,26.9855968532822,NA,NA,323.281941305704,NA,NA,259.488032028354,NA,NA,202.427905155174,1118.64805126103,325.524717008568,259.488032028354
"TCGA.E6.A1LZ",459.313100620259,47.2676149145693,21.9245762749987,NA,36.4784043849678,8.19032915825707,NA,NA,NA,NA,1858.58710833599,4639.24141196491,812.459341592159,0
"TCGA.BS.A0UL",233.487073918763,8.61268318527424,58.2725595125381,NA,NA,NA,8.16527533577602,NA,NA,83.2590308150708,2130.90027090821,4271.95557031252,376.501981884198,0
"TCGA.AP.A0LQ",85.2715793909647,89.0938408434684,NA,NA,583.787899509175,NA,NA,NA,NA,NA,996.777030040178,2103.32668164638,760.712208292317,0
"TCGA.BS.A0U5",2148.85514834771,209.861859078816,2878.74850588355,NA,NA,2300.91056742055,74.9805460566335,1059.8856648054,NA,NA,2238.71302643728,23863.4612525596,NA,1059.8856648054
"TCGA.AJ.A3OK",143.910517178369,30.5982803106555,13.6034213593176,NA,NA,31.0341525422166,NA,347.437453865526,NA,NA,396.597489143137,1193.32974837158,151.255642510609,347.437453865526
"TCGA.AX.A3G7",124.624129687035,14.0636232583003,NA,NA,635.989393838677,98.5040749539793,NA,NA,NA,NA,877.164790554886,1118.49636665546,927.152189865159,0
"TCGA.D1.A1NS",143.840150067064,129.796014054791,NA,NA,NA,NA,179.931787720277,1539.47033383532,NA,242.425273242969,2213.42332437999,5269.22607001749,356.314282479419,1539.47033383532
"TCGA.D1.A16J",182.659833383641,74.940080315286,NA,NA,587.346544545176,7.90353145424126,NA,NA,NA,NA,1150.07326202012,2188.19978323077,765.753684326529,0
"TCGA.AP.A056",NA,56.9259107828567,NA,8.34893195017232,NA,31.9832882123037,13.4838432157724,1250.84904830196,NA,1123.08592880697,NA,1079.41261266902,343.387664730968,1250.84904830196
"TCGA.A5.A0GE",195.041952478186,88.6050949497563,NA,NA,388.833155755045,23.9252198910172,6.27506473194275,NA,NA,NA,1178.0584533889,3184.4292547122,617.863470117834,0
"TCGA.BK.A26L",10554.077019226,795.512031939251,NA,NA,30120.4527308846,3627.20982361975,5884.83250375082,NA,NA,2206.90489127644,NA,47743.3478473454,NA,0
"TCGA.BK.A26L.1",117.58712743853,32.9491335467172,NA,NA,928.232673096693,NA,NA,NA,NA,NA,684.741048664177,1712.21709943563,770.537594398967,0
"TCGA.BK.A26L.2",109.38467802058,30.4262911965753,NA,NA,169.882124833582,18.1440939255569,NA,712.044505938716,NA,150.174756098957,408.345991682028,973.846750743769,NA,712.044505938716
"TCGA.EY.A1GD",181.739977895807,46.8454759969026,NA,NA,225.262303292538,86.6812069578043,NA,149.02195178413,NA,NA,737.694445735575,2263.67926986195,326.618272514531,149.02195178413
"TCGA.EO.A3KW",155.287616261978,323.572679118045,NA,51.5123470425241,NA,98.4558587824872,NA,2157.75070678411,NA,NA,1526.08619543199,2953.013399272,884.039418484922,2157.75070678411
"TCGA.FI.A2D0",82.4328635489925,150.049860188873,NA,40.5371874875412,341.806775356308,55.5277864997995,NA,1720.62169062791,NA,NA,NA,453.939539607859,57.0281281096152,1720.62169062791
"TCGA.D1.A17T",1081.61913315586,144.428090069029,NA,NA,NA,107.525940894532,NA,NA,NA,NA,2568.84883360729,9395.56536374297,NA,0
"TCGA.AP.A1E0",472.076557556871,199.576496360672,30.965653684861,NA,NA,NA,50.8000583309521,NA,NA,90.1125122553193,1985.95455868507,5564.27792625059,467.798312782144,0
"TCGA.DI.A1BU",219.753606680401,76.6718287109154,35.0499096533445,NA,NA,NA,NA,163.05796750575,NA,103.726382996612,1493.28379619531,3483.12559686427,372.586285970193,163.05796750575
"TCGA.AX.A3G4",237.221818667899,59.3444797789055,NA,NA,214.926877547914,31.1113565836323,NA,NA,NA,102.11689033859,1577.55336460204,3665.81071816227,391.845192125656,0
"TCGA.AJ.A2QM",50.3146650085537,98.801196576146,NA,NA,NA,28.3828458605695,33.7627812134959,1016.1843341717,NA,54.089721407426,420.165595962713,2061.38812115616,NA,1016.1843341717
"TCGA.D1.A160",57.6431021423574,42.9361742434822,94.0162730363726,NA,1388.64130602548,42.4589301414304,NA,NA,NA,NA,1078.03674903359,1488.52993969424,986.877359018362,0
"TCGA.D1.A16E",209.934683345537,560.870662718088,NA,141.821341967541,140.643305772684,184.10104456005,NA,4301.03498476113,NA,NA,NA,1957.69671369148,NA,4301.03498476113
"TCGA.AP.A1DO",71.3656341476766,162.200574445988,NA,23.3212482277875,264.377115215033,56.3925394386928,NA,937.322410435719,NA,NA,NA,966.168994248829,495.589430869357,937.322410435719
"TCGA.B5.A11Y",109.811599521636,64.4260383861755,43.932399567085,NA,167.484014079063,72.0846369901741,NA,467.055500950014,NA,NA,NA,1963.04241445887,236.356977233378,467.055500950014
"TCGA.B5.A0JX",NA,292.663699062729,NA,NA,NA,193.36729543472,984.316182790254,4352.40149703971,NA,1648.78403226405,9830.70349443229,5349.74138831766,2887.78111588338,4352.40149703971
"TCGA.D1.A17N",NA,104.468479615908,NA,NA,NA,60.2875673845396,112.213007011334,1179.03006299821,NA,242.774022559394,1797.96456379907,3125.94555524974,420.933407058708,1179.03006299821
"TCGA.B5.A1MS",177.009153936211,145.370551694418,NA,NA,NA,26.6862740709381,18.2174064685003,723.967267485192,NA,NA,1487.31068606778,1881.19270327652,642.397907455197,723.967267485192
"TCGA.BG.A0M7",102.571816984561,21.1046711868363,NA,NA,1189.89506514789,NA,NA,NA,NA,NA,973.931766591986,1487.14590912604,1067.97302215795,0
"TCGA.AJ.A2QO",789.33050585595,NA,NA,289.504905521945,1862.89049767388,NA,NA,1356.17511203125,677.55419166721,305.781142652001,NA,13067.7626337261,3854.81161950838,1356.17511203125
"TCGA.EY.A2OQ",147.163011385058,NA,NA,NA,853.779784399439,NA,NA,NA,NA,NA,1079.79118174406,1751.46148532222,362.171439055588,0
"TCGA.BG.A0MU",82.1337933105588,52.3803100174055,NA,NA,NA,32.3074430386556,27.1047869539554,637.925407313079,NA,43.6948319811864,NA,1040.33017142674,73.0816351309043,637.925407313079
"TCGA.A5.A0GV",NA,73.4795601554023,NA,NA,NA,36.9247792105418,124.070749755957,1394.6275439683,NA,266.9504786902,1312.19966076324,2710.89013205429,1050.61748646315,1394.6275439683
"TCGA.AP.A0LE",170.789373764281,32.3857665978873,12.4134000449426,NA,256.144546653925,NA,NA,NA,NA,NA,1032.47294941488,2375.80861766582,577.334363213118,0
"TCGA.K6.A3WQ",117.860248151973,NA,27.5214381443795,NA,146.753209284744,50.6203421271784,NA,NA,NA,78.1485965465164,2245.95853284295,3005.450774052,450.936855935295,0
"TCGA.AJ.A3NH",70.3777342977913,NA,40.9555619792089,NA,NA,29.466731009435,56.7853069937655,NA,NA,51.6332580505058,1548.33388651027,1778.65822062499,817.693046098579,0
"TCGA.QS.A744",400.820304174273,276.491330461481,NA,48.891343620463,294.657753364191,71.5109420729326,NA,1873.75185549897,NA,NA,NA,3039.19499088689,272.34987694463,1873.75185549897
"TCGA.B5.A11O",438.237134762759,37.7452688307474,95.0922915181181,NA,NA,NA,51.550740181527,NA,NA,52.6017774503967,1138.88507649755,9234.57928175214,383.508937009163,0
"TCGA.D1.A2G0",165.34758634592,60.1117801253492,285.112739948163,NA,1141.27122200631,243.573344568185,NA,NA,NA,NA,1176.31774473078,976.100736294436,987.834977249366,0
"TCGA.AP.A0LM",126.294961376361,51.6568033747676,349.59906148494,NA,71.6930344391842,515.805341001757,NA,NA,NA,NA,742.920581943352,2100.27580635186,427.134057491396,0
"TCGA.B5.A3S1",259.420125094858,86.3488978208644,NA,NA,NA,NA,NA,1374.73924144284,29.8536088638129,NA,589.083191512183,3751.27991338896,183.829973694451,1374.73924144284
"TCGA.B5.A0JN",598.576727271182,611.373381205821,NA,86.2745117868205,NA,250.488991821421,NA,3821.01893708601,NA,56.1024961349773,2030.884018263,6146.78226408057,NA,3821.01893708601
"TCGA.D1.A1NU",406.750737021042,49.4347111903449,50.8074450783884,NA,NA,NA,NA,243.506019244852,NA,64.4903861469573,1749.20256425444,7559.71867465012,612.546617902894,243.506019244852
"TCGA.AJ.A3EM",1313.33047746198,NA,NA,5.46693506047711,339.261280571793,NA,NA,NA,NA,NA,NA,5030.29929264457,822.851269625853,0
"TCGA.AP.A1E3",510.650824520157,88.5587230267966,NA,NA,NA,NA,9.77803976164086,NA,NA,NA,1944.5957974928,6361.07510717251,751.214974606866,0
"TCGA.B5.A11J",146.478155383578,28.7565452537395,247.013454137703,NA,839.511293316721,240.656931131742,NA,NA,NA,NA,1545.73739630581,1865.89831050103,481.86550511493,0
"TCGA.B5.A1MR",306.672138797926,265.656977684103,NA,NA,NA,65.0885450986983,NA,1142.14610432592,NA,158.208270598662,2475.57009134723,3178.90115818827,679.447513688166,1142.14610432592
"TCGA.D1.A161",NA,99.8122949944897,NA,NA,NA,63.2274539439862,72.038064283632,1217.32427590435,NA,46.642477279535,127.57825641426,2064.86139763757,301.208630457125,1217.32427590435
"TCGA.QS.A5YQ",124.280329062703,49.2746263987398,77.7362878351155,NA,107.395877005498,111.764040310229,NA,640.727515560041,NA,27.7230795314012,NA,2153.51123748669,NA,640.727515560041
"TCGA.EY.A3L3",118.850551428055,33.86927065637,2.83018826676529,NA,429.823326227204,NA,NA,101.74390490075,NA,NA,334.435239081778,1709.21636151061,416.972647694059,101.74390490075
"TCGA.EY.A2OO",75.6579045771787,NA,NA,NA,59.3969801780679,NA,19.9546350786549,259.122014934509,NA,58.9209558530218,898.373202949516,985.055546007439,484.199696547763,259.122014934509
"TCGA.B5.A11L",208.254483905467,269.75564022182,NA,NA,1179.64917772323,0.407788041299777,18.0764744269589,NA,NA,NA,4046.50313625328,3764.54035498879,2958.61483532918,0
"TCGA.AP.A05N",59.0066218905922,28.7450958982179,NA,NA,163.897617587259,NA,NA,167.730624308503,NA,NA,373.925645549209,1641.96491479588,467.098394015565,167.730624308503
"TCGA.BS.A0TE",53.9827379885268,155.789411561092,NA,NA,158.834988914441,36.0368609656525,NA,769.276612937723,NA,NA,579.123640429777,1042.55910715758,587.996772253845,769.276612937723
"TCGA.D1.A1NY",93.5369553946943,86.8760632732542,1.9448548283435,NA,NA,24.0138732500821,67.1141313410989,1204.51433465972,NA,60.3778742583998,NA,1991.87973908424,NA,1204.51433465972
"TCGA.D1.A16S",159.941915225201,28.7657881074825,NA,NA,43.7083826443753,NA,NA,353.813563435367,NA,NA,312.838400219279,1797.27104974066,261.583210847566,353.813563435367
"TCGA.B5.A11U",163.497180501865,50.7953640835669,NA,NA,NA,34.9381829386455,27.962779069328,942.036636557764,13.1836994527673,NA,598.639131265917,3201.73046905875,NA,942.036636557764
"TCGA.D1.A0ZR",NA,205.778488271337,NA,47.5776079415371,204.877270228071,69.2487751447895,NA,753.753776997264,NA,NA,611.21679857771,1309.98071378918,734.803919712567,753.753776997264
"TCGA.D1.A16Y",103.865732522402,28.5789300675066,NA,6.22088312431066,171.37554430511,NA,NA,384.254645356387,NA,NA,68.4161526226189,1273.18724851441,213.574752917262,384.254645356387
"TCGA.B5.A1MV",429.261117528468,537.081498822838,154.32525771102,NA,NA,494.274963396957,NA,2830.14097592646,NA,140.475224096915,2242.56489615434,7050.75545453113,NA,2830.14097592646
"TCGA.EO.A22X",189.848342578092,108.242376888533,NA,NA,670.579413426973,NA,NA,NA,NA,NA,1558.31403670304,1820.31089709739,696.001167114133,0
"TCGA.EY.A1GJ",77.2804922486228,22.6185864816705,NA,NA,131.020700468724,7.09615873703089,NA,NA,NA,2.54954561513997,434.964193421624,1047.85709436571,278.478478650987,0
"TCGA.A5.A0GD",102.458629670188,54.8355616324615,NA,NA,NA,22.2721316007473,37.6724387236909,1056.89927118816,NA,50.2384610408536,173.04444369055,2391.17811438982,NA,1056.89927118816
"TCGA.D1.A15X",NA,171.559269227544,NA,NA,NA,81.4856544907412,133.619919782513,1620.50516777598,NA,289.599206792645,1606.09035741797,3264.80978710393,716.646652647855,1620.50516777598
"TCGA.EY.A5W2",513.349682071528,601.356796308298,NA,NA,NA,154.641020550888,140.411998104939,3314.63499601599,NA,125.972735603804,2963.23973824268,7407.18145419227,NA,3314.63499601599
"TCGA.BS.A0U7",172.876285605555,84.5199399932465,84.0276261064644,NA,NA,27.9144235220418,NA,NA,NA,126.72650983889,2234.92258450697,4776.85951353492,176.997299190158,0
"TCGA.A5.A0R9",381.523553203454,462.75240932077,NA,88.1046583553779,NA,57.3236050638435,NA,3074.97985982596,NA,83.5083560465076,1625.11641086113,5297.67300746626,NA,3074.97985982596
"TCGA.A5.A1OF",179.684151727615,1295.59605212425,NA,401.997263380909,85.8127256157107,229.781169722624,NA,7583.56559919195,NA,NA,NA,NA,NA,7583.56559919195
"TCGA.SL.A6JA",163.904996055928,117.252436833331,NA,NA,NA,92.9306291393772,40.0865432648419,1232.93636454511,NA,52.3464309307718,751.10310331183,5416.39465527376,NA,1232.93636454511
"TCGA.A5.A3LO",175.246068447821,378.454488685734,NA,59.1522825110344,409.635577072279,159.323070360466,NA,3840.57458670366,NA,NA,NA,3084.89236746459,284.424037689881,3840.57458670366
"TCGA.BS.A0V8",76.8787617163364,45.6251594814402,NA,NA,468.83200558756,17.8804285672011,NA,294.537836090493,NA,NA,696.688736288781,950.068008692677,395.285801970967,294.537836090493
"TCGA.BK.A0CC",430.913980240589,NA,NA,NA,370.320956236946,NA,NA,85.8048375246201,NA,NA,NA,3493.70680792611,831.556908459665,85.8048375246201
"TCGA.BK.A0CC.1",145.926768585085,14.6410747272434,264.919531877795,NA,NA,134.986991397284,12.8107523984933,813.140448841607,NA,NA,NA,2636.69871750561,39.0823029614138,813.140448841607
"TCGA.BK.A0CC.2",177.808873770852,65.6519240048699,55.7199169886053,NA,353.952315843624,NA,40.0277591219466,NA,NA,NA,764.285097313133,3827.5005862346,1033.03854893766,0
"TCGA.EO.A3AS",192.263512381979,49.812663349624,8.01662213248089,NA,369.027833137324,NA,NA,NA,NA,5.95933151575981,932.44625955207,2535.96085778101,552.961863724856,0
"TCGA.BG.A0W1",733.480725525929,NA,300.98549051423,NA,NA,207.717806063793,46.4632119339269,NA,NA,68.7150491043493,2896.27276388188,11125.5455998312,511.339356174952,0
"TCGA.AX.A0IS",235.1851026029,14.9034230736537,NA,NA,401.654889813316,100.256636001635,NA,NA,NA,NA,1284.57240676528,2333.72799897715,754.693449888688,0
"TCGA.B5.A0K7",164.58500877014,158.075178224018,NA,5.92124911807354,NA,62.4698039810368,43.238710535492,1558.02805295466,NA,59.6382501907035,NA,3713.06940135934,NA,1558.02805295466
"TCGA.A5.A0GB",443.801276314904,121.962896145553,86.301404510215,NA,NA,NA,3.30039628489387,NA,NA,NA,1597.37250516744,6430.99235934872,663.521509339938,0
"TCGA.AX.A3FW",1198.19511683565,NA,631.72556271909,NA,40730.3637392723,3423.15293150268,8177.17286720764,NA,NA,NA,NA,8775.55455831424,NA,0
"TCGA.DF.A2KR",NA,32.8319143638738,12.464534682778,NA,NA,69.050699212778,75.9559001783206,1519.71073491609,NA,1612.53822347471,NA,759.362260572548,532.388681057543,1519.71073491609
"TCGA.AX.A2HJ",614.397686875096,133.611035712332,18.4755508260693,NA,NA,NA,45.7950919880204,230.780938964966,NA,NA,2736.56354154847,11612.3308236766,240.123202636943,230.780938964966
"TCGA.A5.A0GH",716.571261573015,NA,NA,NA,767.313636974324,NA,NA,224.220915706199,NA,69.8122183856054,312.012828206103,4258.57742909489,287.644150524505,224.220915706199
"TCGA.EY.A547",115.825697542941,195.298932928129,NA,NA,117.725816119191,62.5442531967186,NA,460.448656107754,NA,NA,951.237946195496,1537.42284606697,841.363471844567,460.448656107754
"TCGA.D1.A179",191.8078271943,5.94019524269212,13.1756442307706,NA,NA,NA,NA,25.0835470165108,NA,13.8118475883773,1045.23411213085,2867.96198578778,287.990097585293,25.0835470165108
"TCGA.B5.A11E",101.826489195599,NA,55.5331836445547,NA,116.289861035479,NA,NA,NA,NA,29.7066083940631,1895.99347600385,3855.44515675773,948.335612929338,0
"TCGA.EO.A3AZ",7206.92454764394,719.108087743651,NA,167.262070535996,9493.14762734238,NA,NA,NA,NA,NA,6163.71713101654,24340.3406516655,7306.75188126127,0
"TCGA.B5.A0JV",NA,168.217314563407,NA,25.6986924054632,NA,92.0662402636857,56.8696951350588,1707.58486823075,NA,66.3975636926142,NA,1806.90182704924,44.0880129778276,1707.58486823075
"TCGA.BG.A222",170.774060791479,42.8806394835975,NA,NA,408.755840190523,NA,NA,NA,NA,NA,848.629261216301,1508.31000551773,697.799089235828,0
"TCGA.DF.A2KZ",NA,48.9051297574107,NA,15.5350861448133,294.129995698801,NA,NA,319.565105035179,NA,6.94042672933228,537.600528003632,1514.94018832404,881.299766110364,319.565105035179
"TCGA.FI.A2F9",147.499345424659,42.4670870002721,NA,NA,514.427252125402,NA,NA,NA,NA,NA,924.304895138716,1667.5806565038,707.370676219118,0
"TCGA.AX.A1CA",NA,388.011233484714,NA,NA,267.403612604056,164.993971476213,182.592221677565,3358.23904800433,NA,144.075760564864,NA,2001.49670944259,694.654460332658,3358.23904800433
"TCGA.DI.A1C3",NA,246.320768965368,71.9708867693776,30.5216567490607,1032.54919859927,319.453418672711,NA,2009.80644958805,NA,NA,NA,816.492837283801,352.458003471976,2009.80644958805
"TCGA.AJ.A3BF",236.883980750622,97.6079236930462,NA,NA,NA,48.1013505989772,78.6749561230674,1381.26995423872,NA,118.504778498469,843.57014627268,4465.17687252471,NA,1381.26995423872
"TCGA.AX.A1C4",530.067642156387,151.59723249825,53.4423038245109,NA,NA,NA,114.375518929558,NA,NA,119.015069735643,3533.56688707195,8023.76871857769,1035.61120998607,0
"TCGA.AJ.A6NU",129.445446142655,165.539324070665,NA,NA,NA,59.0226717571696,83.9365849733167,3106.47207113587,NA,77.8811751751187,NA,3250.81619401293,238.767811790017,3106.47207113587
"TCGA.AP.A0LT",NA,90.4152789138423,NA,NA,NA,83.2240943003415,72.5410314361968,404.446581595656,NA,154.450326344372,1032.87375946586,1962.56858989779,366.112265292836,404.446581595656
"TCGA.AJ.A8CW",NA,77.2984137235505,NA,9.67264102742007,NA,38.4416306137674,NA,415.874049257457,NA,52.1815138290838,155.820093795815,789.882792819828,275.817790195029,415.874049257457
"TCGA.AP.A059",265.958719419918,63.5181524560203,58.0363017811885,NA,NA,12.7660347502852,NA,NA,NA,185.629473197497,2934.29632275623,6720.50953101677,590.151327915618,0
"TCGA.AJ.A8CV",80.2458800616407,NA,NA,NA,NA,55.0837337084698,51.899881534848,613.692472363299,NA,56.1674579094502,567.753982477716,2274.56841181127,265.247008983505,613.692472363299
"TCGA.FI.A2D2",187.538984587646,37.6341701150611,17.8809406956669,NA,449.90755596048,99.6392254959624,NA,NA,NA,NA,1197.72904502374,2210.80801129042,532.044764338102,0
"TCGA.A5.A0G5",147.497690154943,138.079817920369,NA,NA,145.001981699092,31.8584325879548,NA,578.102538809615,NA,NA,732.839192782878,1747.81692284195,362.358952853874,578.102538809615
"TCGA.FI.A2D4",357.860753946927,NA,NA,25.7965887330495,562.61551447917,NA,52.8247274816187,NA,NA,221.772938699038,27.1149705504947,4285.25705030302,1455.01116234505,0
"TCGA.AP.A05O",101.464572561578,89.8386198093161,3810.29224799656,NA,635.262559311828,2950.87207050882,NA,1081.1442933557,NA,NA,NA,2253.22655315726,820.285787578009,1081.1442933557
"TCGA.EO.A3B0",951.507225185661,115.53470061437,23.2288862332426,NA,NA,43.0495417104339,56.4050714799154,310.67103846619,NA,NA,1762.49847194242,10226.9995889981,NA,310.67103846619
"TCGA.D1.A0ZZ",83.0241929262402,334.253145716627,NA,24.2555994499323,528.453081189024,111.576375765159,NA,2208.67990129889,NA,NA,NA,248.565975745841,NA,2208.67990129889
"TCGA.BS.A0T9",280.915073890996,26.7376543969279,72.43724740349,NA,NA,91.1995223673937,NA,209.796236717219,NA,NA,739.353260293553,3505.58210909811,431.6660542483,209.796236717219
"TCGA.BG.A0M9",NA,102.800236427739,NA,NA,NA,93.8342664389202,102.877496152826,1366.07890950825,NA,195.091216791976,683.136701735179,2260.73453799742,452.601657361969,1366.07890950825
"TCGA.AJ.A3BK",157.010661899257,NA,210.54827452145,NA,8397.27771961446,614.267846302615,2335.34113360816,NA,NA,NA,NA,3389.33050066016,NA,0
"TCGA.AJ.A3BI",54.3505429916553,24.1510434270217,58.0487805410635,NA,390.011607082052,NA,NA,58.9565772997817,NA,NA,402.256717569161,1903.44102792786,663.263030093191,58.9565772997817
"TCGA.AX.A3FZ",656.223410040023,NA,NA,NA,713.528777862673,NA,NA,6396.20360851569,5289.94024497527,NA,NA,50123.5853000706,NA,6396.20360851569
"TCGA.AX.A2HC",50.0281169677044,NA,NA,NA,1443.46510661258,NA,NA,336.527439247719,NA,NA,151.003455022859,1049.99811880206,482.760682376622,336.527439247719
"TCGA.D1.A16I",74.7552375393853,49.5550086958474,375.020978443035,NA,1083.91603095262,232.226099482943,NA,NA,NA,NA,852.619277507022,1330.89030291187,1024.44089550232,0
"TCGA.QS.A8F1",150.162081948825,112.431366825083,NA,NA,18.6110741174884,0.523127792252856,NA,138.820752175411,NA,NA,919.763315490923,2089.89732118509,307.660579985115,138.820752175411
"TCGA.BK.A0CB",76.0324927798914,19.9571589037181,29.0233402385422,NA,767.89156130303,NA,NA,NA,NA,NA,603.94249426559,1322.58060623312,789.51631290836,0
"TCGA.D1.A17K",84.7232429884778,24.7785503003884,18.3521100780037,NA,699.766553914017,NA,NA,NA,NA,NA,572.74192323088,1281.83879117945,712.475688190712,0
"TCGA.A5.A1OG",67.4172853531749,10.3732654126024,42.2979767481889,NA,252.379797343187,0.61720340494694,NA,NA,NA,NA,280.990942246945,1536.62114442027,523.856110113831,0
"TCGA.B5.A1MY",210.592438841418,25.7934578143526,NA,NA,150.198966081743,42.236439688315,NA,NA,NA,NA,995.029969581148,1623.98212733822,168.528876098536,0
"TCGA.AJ.A23N",66.0378159281547,26.2405545167289,NA,10.2503524050831,NA,5.40335338952219,NA,494.312657834193,NA,36.1470574820729,NA,837.089882764784,20.0168441514511,494.312657834193
"TCGA.AP.A0LV",112.541834065274,159.760703541137,NA,NA,NA,128.505623368953,64.7532245217967,2091.7027235933,NA,119.100601547587,1177.65840582761,1884.59142697618,NA,2091.7027235933
"TCGA.EO.A1Y5",69.0317991033077,179.818630395223,NA,35.2868570640357,NA,98.8020776332676,54.5321996278991,2041.51896108281,NA,80.5619234588706,NA,1660.2341964622,NA,2041.51896108281
"TCGA.FI.A2F8",77.1404567153536,292.037016170186,NA,46.0352546554506,178.710214403021,91.7186594640278,NA,2055.46641862016,NA,NA,NA,691.642272331186,130.613680568692,2055.46641862016
"TCGA.BG.A0VV",212.423068258698,NA,70.3567633985383,NA,NA,73.1580202761001,NA,436.27395780413,NA,158.077144592608,1673.80868722384,3294.90413284403,163.396934422151,436.27395780413
"TCGA.BG.A18B",237.112746940934,104.859676145819,82.439098891879,NA,NA,NA,39.9298739690044,NA,NA,72.3866070430281,1707.36205124756,4439.87627668237,672.689712024473,0
"TCGA.AX.A064",40.0247126332662,NA,377.891588207827,NA,477.305662895262,194.077364669196,NA,5.65333141951475,NA,NA,599.230867953201,2032.14225591597,557.438044412122,5.65333141951475
"TCGA.QS.A5YR",182.52154737388,NA,NA,NA,661.257817920927,NA,NA,584.544654521183,NA,NA,218.287446860264,1772.07087380087,118.030356069039,584.544654521183
"TCGA.BG.A18C",224.74442310733,NA,806.348267673949,NA,34.5997824593787,837.283863441737,NA,141.210299909178,NA,NA,315.364114876733,2713.47236244975,310.710701103515,141.210299909178
"TCGA.BG.A0LW",263.182181860326,NA,NA,NA,534.747976725185,594.05282647471,386.565444031574,NA,NA,2270.39799453673,10560.8329345241,1173.93955681922,3201.51464670905,0
"TCGA.AJ.A3QS",227.520339538544,61.2922858865706,NA,NA,579.253996044581,NA,NA,NA,NA,NA,930.032828993297,2146.09249388557,825.192992320771,0
"TCGA.AJ.A8CT",93.0023479587763,41.4868739080302,NA,NA,549.312752554118,2.25873138676717,NA,NA,NA,NA,627.990260064588,1849.34329142663,543.506412668905,0
"TCGA.BG.A0VX",47.1615997103583,37.0058994666137,NA,NA,32.5987755714095,NA,13.3454545585734,390.349884171464,NA,NA,238.990452087877,1239.85752450552,130.772112839496,390.349884171464
"TCGA.AX.A2HK",119.838069159909,NA,157.85989471551,NA,183.488512907262,179.606851871318,NA,1050.1056096769,NA,53.0958781298381,NA,2772.43187025542,269.645495897608,1050.1056096769
"TCGA.A5.A0GA",41.701042508498,7.71951062478011,NA,NA,438.928645445275,NA,NA,249.57199462149,NA,NA,258.251310702768,702.745466241525,281.343570649916,249.57199462149
"TCGA.BG.A0MO",NA,161.867000457311,NA,NA,1991.00528609773,3.29999204296374,NA,1597.29981450073,NA,NA,NA,1456.48160358569,686.416246974744,1597.29981450073
"TCGA.D1.A17R",NA,47.0311705577389,NA,NA,NA,39.9280898657772,54.3897594209053,1026.08123343379,NA,79.0657101740576,83.7985664843888,1937.1922612133,304.247600880661,1026.08123343379
"TCGA.EY.A54A",257.46945594954,46.1252862053643,87.2683073802792,NA,NA,19.1370874765138,NA,NA,NA,110.226080600739,2566.82357889365,4397.70300078875,1014.96696346005,0
"TCGA.FI.A2D6",80.1639624530025,141.554642015694,NA,NA,1407.46167963488,NA,NA,744.929865165383,NA,NA,137.289617790925,1683.28412173093,876.126448990387,744.929865165383
"TCGA.AX.A2HG",263.844465835402,123.024308335973,79.2717525163583,NA,NA,66.4023322091222,306.53479260474,NA,NA,251.505229308556,3951.10819655844,14724.5424412996,NA,0
"TCGA.BS.A0TC",47.545196994831,30.3370830323756,26.7457114949353,NA,1303.03075089878,NA,NA,NA,NA,NA,662.047975284372,1246.2529328366,1267.86875404702,0
"TCGA.D1.A3DH",47.0462892754917,96.7569372196107,NA,NA,NA,37.2129738363213,74.0909950267222,1604.57126086516,NA,119.640571981343,NA,2064.73451658382,178.642531776604,1604.57126086516
"TCGA.D1.A17D",134.647608703244,9.96169118502587,207.913045142784,NA,562.206993393604,65.6862849577106,NA,NA,NA,NA,780.22584135804,1670.64557809958,690.753297518101,0
"TCGA.D1.A16Q",134.783302564634,51.2119138966366,4.872933668952,NA,218.640895857035,NA,NA,NA,NA,NA,980.060654358643,1944.99288818411,507.816551787545,0
"TCGA.B5.A1MZ",41.3655819539977,48.9105463684452,NA,NA,421.268060502635,NA,NA,419.806346934871,NA,2.44108763151285,556.765250894376,2274.01773191912,692.858726438663,419.806346934871
"TCGA.A5.A2K2",768.594163768308,412.252382680027,NA,40.3600278532471,NA,NA,106.836427516051,2274.71304875781,NA,162.4080539486,3791.61396440227,11076.705144264,NA,2274.71304875781
"TCGA.5S.A9Q8",52.1113815315779,159.472186242414,NA,NA,NA,123.913432559469,141.249747716098,2478.16040420237,NA,171.502269118347,NA,3054.90993022707,64.0795852964319,2478.16040420237
"TCGA.AX.A05W",82.155506106895,37.1368699949968,33.5504429615408,NA,559.04315143159,27.1980528161729,NA,NA,NA,NA,719.419598577137,1449.07335188231,763.137881001499,0
"TCGA.AJ.A3IA",339.455789566192,8.89296004236092,831.359539189116,NA,NA,529.315749898526,NA,NA,NA,37.2978312687033,1716.33583608472,4917.77725032288,740.907055207671,0
"TCGA.D1.A16V",58.6471992337958,45.5843673709745,43.113244841061,NA,1271.62465867813,38.7559709855912,NA,NA,NA,NA,637.076914710579,1450.93053436056,1177.14025315024,0
"TCGA.AX.A3FT",298.020836671962,40.8585648522587,1.54616836833243,NA,265.946074336709,NA,NA,NA,NA,NA,2307.69882403863,3550.00838822181,675.698177733503,0
"TCGA.BG.A0M0",102.788700307667,82.2478252995413,NA,NA,NA,30.9480582114343,54.4432043154018,1371.79694246593,NA,69.6315710249796,574.870888717235,2020.13091599366,NA,1371.79694246593
"TCGA.AX.A3FS",NA,75.3085140430001,NA,NA,NA,95.4519086083814,48.2131409417356,583.503704044623,NA,170.281637111205,900.024170738245,2193.55287071812,379.347416534872,583.503704044623
"TCGA.EO.A3AU",409.319151165009,487.066880112056,NA,92.9064521126695,168.673638798781,130.997964778547,NA,3540.64101144665,NA,NA,NA,3550.57328851796,NA,3540.64101144665
"TCGA.EO.A22S",41.3674141909778,30.8624982999258,NA,NA,84.3787330485645,NA,18.5258794427203,547.547614861449,NA,147.17000256063,NA,1360.39750014344,228.264190497359,547.547614861449
"TCGA.AJ.A2QL",583.56781654141,100.285015110161,NA,NA,NA,NA,115.819065940499,184.018225462438,NA,167.534695191291,2633.30026691749,4759.33470795693,523.891552549106,184.018225462438
"TCGA.DF.A2KU",NA,101.23733670654,NA,NA,NA,81.1581084624645,69.563944524541,938.589035267848,NA,171.741720778857,602.598588811863,3962.78537945185,277.776357443559,938.589035267848
"TCGA.D1.A169",326.671657876236,89.8451500945485,NA,NA,NA,NA,12.7123597375733,NA,NA,NA,1457.42850757231,5464.83961473495,692.16986587827,0
"TCGA.AP.A0L8",619.632274774995,306.673650749429,1317.96076333931,NA,NA,1358.84862218884,NA,2727.24005924671,NA,241.093498468684,2367.5243179947,7389.69964213339,NA,2727.24005924671
"TCGA.A5.A3LP",18.9264082338958,98.4943503324204,NA,NA,NA,35.3010101535584,66.9150366967814,1274.83426278162,NA,109.899909638913,NA,2693.73345942384,164.04872642677,1274.83426278162
"TCGA.BG.A0MG",135.335145877703,68.8093255658759,73.6008353703328,NA,NA,NA,NA,NA,NA,71.1138315313034,1351.46194760778,2114.09696590112,455.919918218473,0
"TCGA.D1.A101",96.4460132622137,NA,2754.58908526626,NA,505.386020327155,1986.94045867144,18.1576524553987,349.353322081629,NA,NA,NA,2044.19580814118,880.851391651375,349.353322081629
"TCGA.BG.A3PP",326.373168517408,36.4467502292257,NA,NA,32.4777648202243,NA,NA,NA,NA,NA,1300.67016136762,3429.50701355168,202.705931868212,0
"TCGA.AP.A0LO",57.7438838526774,9.73311681292655,NA,7.3442686528087,130.952832193838,NA,NA,240.133291347729,NA,NA,169.946845023303,999.409306987546,176.26184904369,240.133291347729
"TCGA.EY.A72D",281.710092526664,785.387740957807,NA,133.442061453833,NA,204.147874021225,119.000160736558,5506.72752509474,NA,140.80103203011,NA,5551.49797887248,NA,5506.72752509474
"TCGA.AX.A2H7",203.550760608844,88.5659821546395,72.9180599773453,NA,324.21061222168,NA,NA,NA,NA,47.1259124892347,1637.74156144856,3119.77342193915,582.741539330683,0
"TCGA.EY.A1GE",84.1631929502333,287.99342049029,NA,57.7064870883356,NA,150.0871916375,8.52917872534898,2187.67816349401,NA,9.73061230366456,NA,1641.51048031841,NA,2187.67816349401
"TCGA.A5.A0GN",112.195233755249,274.564679772141,NA,NA,NA,NA,143.059444123036,1788.03491230386,NA,246.251697408684,3058.41037061752,3852.00521169625,423.268384026357,1788.03491230386
"TCGA.AP.A5FX",146.231299863473,125.939921084976,NA,NA,NA,40.0880474231624,61.3061878778223,1962.66426214152,NA,53.3421282066719,NA,2755.45447543061,333.346304980274,1962.66426214152
"TCGA.B5.A0JR",408.0091045381,181.913837746429,64.4923486919838,NA,NA,NA,81.4415484155259,262.770826419856,NA,NA,802.295857308063,8037.75569888522,828.487236280079,262.770826419856
"TCGA.BS.A0UM",134.944089894418,3.05657811862648,NA,NA,881.426372421328,NA,NA,NA,NA,NA,1191.34873964592,2291.3320845169,866.731500007731,0
"TCGA.EY.A1GX",373.206531567946,55.7818839854823,NA,NA,88.4435750357363,NA,16.5175008791293,NA,NA,NA,1177.97145361911,3919.23300489935,357.718450836923,0
"TCGA.AX.A3GB",117.051718599703,22.1861550675746,112.497493893653,NA,471.36553833642,160.384256854857,NA,762.69851691168,NA,NA,NA,490.298287450318,196.468831060036,762.69851691168
"TCGA.BG.A0LX",206.568605759794,NA,329.503422889084,NA,179.286267146237,570.625053619348,NA,NA,NA,NA,875.831414000947,1800.29562633761,421.911829880705,0
"TCGA.B5.A3FA",118.297311745116,8.1302668097281,NA,NA,80.0557525240698,NA,NA,186.360605399988,NA,NA,403.337672472946,1652.40535556416,357.187897537987,186.360605399988
"TCGA.AP.A1DQ",127.960991791132,198.103850035849,407.078402030826,NA,299.599007411095,364.652819148595,NA,NA,NA,NA,1897.33981238998,2900.56744699622,402.920257869756,0
"TCGA.B5.A5OC",66.6418762203962,47.4200024106771,NA,NA,59.7723453709886,NA,NA,658.622191466502,NA,120.680641622148,1167.2111539532,1877.07745890947,316.202429195413,658.622191466502
"TCGA.B5.A11Q",163.815860963434,428.461145574342,482.178524974306,NA,NA,776.513969738198,424.706263197031,7697.3765515714,NA,274.667074664094,NA,10187.3262789787,NA,7697.3765515714
"TCGA.AX.A2H4",80.5132054081567,72.6885482667799,NA,NA,694.171237210968,NA,3.98286167045718,180.824283130241,NA,NA,913.289663997912,2124.69846817781,668.929566282239,180.824283130241
"TCGA.A5.A0RA",49.6488938984065,89.1097592683024,NA,NA,NA,88.096433409757,82.8735116911669,2267.77499977808,NA,424.146235369777,NA,1900.23329607744,407.909204473753,2267.77499977808
"TCGA.BS.A0UV",20748.2877398371,1043.36207485901,NA,NA,45783.2537043179,5860.68537712252,5661.17408945639,NA,1189.42672808335,NA,NA,90217.6948973155,NA,0
"TCGA.PG.A917",150.251990508074,NA,12.1457632890528,NA,301.225745713987,23.2281997596303,NA,136.256344289867,NA,NA,766.808541897472,2625.58884154326,432.683545972746,136.256344289867
"TCGA.AP.A0LJ",144.863279442538,44.7997743707113,321.354080625227,NA,690.940004674531,195.88783719643,NA,NA,NA,NA,882.120273933816,1900.0819821047,870.09900838687,0
"TCGA.AX.A06J",50.890738989622,44.6861755524017,NA,NA,NA,41.5754774039468,27.1091223283529,1134.13096944681,NA,569.229515844753,NA,2405.48784965074,220.631255419595,1134.13096944681
"TCGA.BG.A0MI",170.504099709223,NA,333.595887492718,NA,297.672914741834,386.562043627124,NA,NA,NA,135.101209732266,1367.56595830543,4029.8420013976,1203.07784931277,0
"TCGA.AX.A1C8",277.628581943849,53.928748305236,66.3283480034772,NA,NA,NA,13.7826864031811,NA,NA,136.255613893599,2213.68581066975,4961.14519464516,511.312183042313,0
"TCGA.AP.A05A",76.5464311130589,73.9405431095152,NA,NA,NA,18.7997355861672,NA,996.337341771264,NA,108.041884950146,1220.65552426571,2114.70052859828,102.089473975473,996.337341771264
"TCGA.A5.A2K4",308.482551399306,89.1455121898408,144.13601042985,NA,252.58621378421,175.485488753671,NA,NA,NA,NA,1109.14353340739,3259.77157189746,552.524456789053,0
"TCGA.D1.A15Z",218.528202866705,115.897572639733,NA,NA,367.915281136864,28.7714864562633,NA,NA,NA,NA,1565.222570771,2004.76125104193,1076.30915204886,0
"TCGA.AX.A2H5",194.680683849193,29.2968113420526,60.3685116265846,NA,NA,17.2930747983397,NA,NA,NA,73.9532134911097,1285.03778019146,2680.86989862555,428.034511524404,0
"TCGA.A5.A0GQ",174.945328101197,809.61160921764,NA,185.523830302888,247.194616466992,276.672617933952,NA,5731.7051192778,NA,NA,NA,NA,NA,5731.7051192778
"TCGA.AJ.A3NC",279.092146587593,61.7038557020444,NA,NA,NA,194.369732113657,156.883166242106,NA,NA,717.410350435636,4075.23563689511,2421.34348862335,1287.89435972434,0
"TCGA.KP.A3W0",145.351856858471,81.5185512445088,275.66468631775,NA,NA,121.377264243082,NA,516.207640832948,NA,NA,822.310019642763,2283.14552690801,446.58079419251,516.207640832948
"TCGA.B5.A11N",91.1225330567805,41.3655643554262,NA,NA,NA,12.2058146890964,10.5762725691032,NA,NA,143.546661163565,1327.96365312373,2266.06297177017,385.369728869912,0
"TCGA.BS.A0V7",276.368992711715,147.861906405514,58.2185354275019,NA,NA,122.784087138029,NA,NA,NA,155.731180923105,3411.53386101694,4318.22065057705,1167.99584238386,0
"TCGA.D1.A17Q",301.482384076357,51.9754980819115,31.6526223332543,NA,NA,NA,NA,NA,NA,88.6388983725543,1957.31221119376,3871.51820441924,516.593264326936,0
"TCGA.BG.A0VT",NA,104.250457343739,NA,NA,NA,21.3095209921969,54.3932962010944,714.749531583582,NA,123.157655377408,1230.72279719247,2505.79024065919,166.305317086133,714.749531583582
"TCGA.AP.A0LG",217.895511350306,53.7490349330048,1001.2966822699,NA,322.473838962862,1883.68126316861,NA,NA,NA,NA,1234.68758348158,1763.87939321791,415.247955894331,0
"TCGA.AP.A0LL",136.566020385786,337.785063956014,NA,91.9263439472597,332.265444784189,71.7312915531126,NA,2351.03119608926,NA,6.67401101307989,NA,1140.58680080761,NA,2351.03119608926
"TCGA.E6.A2P8",325.756614495035,71.0695426771218,62.4257067824929,NA,NA,NA,26.9442423827919,NA,NA,65.1677741633996,1873.46246319617,5348.51629488077,621.738901010146,0
"TCGA.EO.A3AV",503.421037930734,9.79211246211951,NA,NA,NA,NA,NA,614.764098854161,NA,98.2762580626457,663.018113037215,3638.24291276113,463.129535761555,614.764098854161
"TCGA.AJ.A23M",100.100793248184,34.7548412753421,20.4988164080228,NA,520.567244414571,NA,NA,NA,NA,NA,649.098745404646,1481.60220111708,699.224808586058,0
"TCGA.B5.A5OE",162.146141810718,NA,NA,NA,363.054880071421,NA,NA,500.793788528087,NA,30.3234760896227,580.277302547239,1844.9385406909,NA,500.793788528087
"TCGA.D1.A1NW",217.606736365818,41.7314723583376,258.327100244602,NA,574.411097108236,194.792182235224,NA,NA,NA,NA,1084.23702924422,1949.96727599483,855.427339645595,0
"TCGA.D1.A0ZU",139.562733101937,146.74994807812,NA,27.7002610741189,77.0100803067121,NA,NA,532.361785331983,NA,NA,1134.51039167288,1473.04852391981,275.872693735097,532.361785331983
"TCGA.A5.A0R8",133.834293203034,79.4731064887269,34.4051332092384,NA,NA,NA,NA,150.509010970549,NA,29.1519913173127,630.504751337939,2232.13119441919,77.591238309794,150.509010970549
"TCGA.A5.AB3J",337.739756760329,107.542908927406,44.2073678018834,NA,NA,NA,29.0747219206682,NA,NA,170.082628377535,2384.35254902014,7229.94173514508,439.212621364849,0
"TCGA.FI.A2EY",NA,115.259994575403,NA,NA,NA,143.681607809678,37.3110992689254,1662.01765621558,73.8584548286664,1330.55542788484,NA,2628.17437003067,657.191317777443,1662.01765621558
"TCGA.A5.A0GW",239.154317102691,NA,667.93866964586,NA,349.707914463978,646.695424060779,NA,128.697091283737,NA,NA,931.750353228783,2180.10211057208,368.565059556102,128.697091283737
"TCGA.BS.A0UA",51.4419955424866,22.0800221918318,NA,NA,381.66995762421,35.7322345856144,NA,570.756974213479,NA,NA,NA,852.078636429935,135.922695589071,570.756974213479
"TCGA.BK.A0CA",671.384602607141,154.375178031759,53.662149594534,NA,NA,NA,12.8849686624489,NA,NA,38.3501999576287,3433.8514911476,8473.88924370213,996.824300491444,0
"TCGA.BK.A0CA.1",97.4578300053021,52.5604251017645,15.0168587477555,NA,302.364003572359,NA,33.1749224252131,1161.77931097228,NA,NA,NA,983.460637260495,137.353460799849,1161.77931097228
"TCGA.BK.A0CA.2",169.079762109948,NA,6.15840493749931,NA,1199.8187706037,NA,NA,179.216913987519,NA,NA,1171.61297642433,1616.13420852118,838.369589365056,179.216913987519
"TCGA.D1.A163",201.621041782401,50.911607173551,743.962812054293,NA,593.25197684006,610.065957461139,NA,NA,NA,NA,868.907170447239,2027.8120816168,955.643587511895,0
"TCGA.E6.A8L9",292.68485029506,44.0437344630543,NA,NA,124.068023899612,28.0455719125281,NA,NA,NA,NA,1507.14483134237,2897.74728338275,231.652695020916,0
"TCGA.AJ.A3EK",83.782006802012,69.6044046320804,NA,NA,NA,38.9329207473413,NA,661.895511890283,NA,94.9437073609169,814.948618882357,1112.38055447786,261.921991610677,661.895511890283
"TCGA.AJ.A3NE",129.248521024429,196.266670683511,NA,28.1725268891814,262.912375505165,64.8346805107207,NA,1436.96994744836,NA,NA,NA,751.752198085446,131.457735098552,1436.96994744836
"TCGA.BG.A0M2",109.212204573858,NA,105.472013318886,NA,184.542995868497,9.9199965106945,NA,376.819595918611,NA,6.38278100131672,213.200769988686,2179.85855904085,NA,376.819595918611
"TCGA.BG.A0M4",160.174918682038,NA,NA,NA,1224.04463131796,NA,NA,NA,NA,NA,1435.05404138052,1710.97178174836,907.57439363821,0
"TCGA.A5.A0R7",86.6855098716395,44.782236378567,711.047560134502,NA,675.92726391746,651.775234238249,NA,1137.37170703765,NA,NA,NA,357.749231919238,142.043636264414,1137.37170703765
"TCGA.BK.A6W4",78.5627391520171,35.6642476280782,68.7293797569455,NA,819.328683435076,NA,NA,116.153291636969,NA,NA,1163.10531363773,1405.0641830435,1014.88377807301,116.153291636969
"TCGA.AW.A1PO",159.395611240351,39.9445573101418,NA,NA,150.592498866105,48.0475506247547,NA,NA,NA,NA,912.472906701225,2089.43517289678,342.332000666962,0
"TCGA.EO.A3B1",308.851653763603,NA,40.0333609307234,NA,NA,NA,31.0935418861225,449.51295281567,NA,171.004292770533,1673.98871503432,7665.26966532443,375.888366184899,449.51295281567
"TCGA.D1.A0ZN",357.160398454592,122.673186055668,NA,NA,23.5779425684007,33.6482468891891,NA,NA,NA,11.6128847341255,1794.57004837156,4644.19483222708,542.446820956849,0
"TCGA.EY.A1GI",222.518440322018,69.9462110560956,96.5130556129214,NA,NA,NA,33.5348500055878,NA,NA,62.3293871386542,1318.8302086165,4253.51707291263,541.178557216046,0
"TCGA.SL.A6J9",63.1399290917256,51.0914910843359,680.859784128484,NA,889.060157436619,615.738720717665,NA,NA,NA,NA,610.313049093305,1577.98850436051,878.153237885943,0
"TCGA.B5.A1N2",360.101317455336,36.1019492747559,156.019096776113,NA,NA,NA,82.6166290298099,NA,NA,107.580836376365,2008.51273735442,8013.39538975492,657.25406121852,0
"TCGA.D1.A16X",210.800561078045,48.7577056571367,55.4471428068391,NA,NA,NA,0.48125805178469,29.8133625199872,NA,NA,901.213917224115,2750.38535538348,331.115382002886,29.8133625199872
"TCGA.A5.A0GJ",78.2641797682394,42.3226970761383,NA,NA,326.069247464112,37.6566441211191,28.1140561464807,939.360628089571,NA,NA,NA,825.790658595032,73.7724506528497,939.360628089571
"TCGA.AJ.A5DV",480.843826552051,167.140753149839,NA,4.09983024292884,NA,NA,NA,2142.01195014423,NA,NA,630.111767242121,5666.74145617418,89.0377001812934,2142.01195014423
"TCGA.BG.A0M6",768.882370967294,288.588852588629,86.8200259726563,NA,92.1991357375732,NA,79.0767562906387,NA,NA,NA,2349.58676190812,11754.9852847883,1851.56920955586,0
"TCGA.EO.A22U",155.548578839551,134.901848564064,NA,NA,NA,95.6302959623183,72.975552163479,1311.77394537552,NA,164.932763400963,1400.55842585305,4621.61041204822,NA,1311.77394537552
"TCGA.AP.A1DV",362.779357571278,426.204067681548,NA,90.4824984064072,NA,92.9551579521373,NA,2284.5032369422,NA,114.437121699664,2090.63816562625,3988.02844765256,NA,2284.5032369422
"TCGA.SJ.A6ZI",400.427658696327,NA,NA,8.18505555284056,478.820140646713,NA,NA,320.862652764284,NA,NA,NA,4454.98858570206,1008.35307700227,320.862652764284
"TCGA.EY.A1GU",62.5544509420757,136.201815758275,NA,NA,983.221005621038,45.3005629276117,NA,NA,NA,107.3161012065,1343.22494167378,2177.72691648951,611.902390714166,0
"TCGA.D1.A16G",270.648459660673,100.11991898501,110.795091983109,NA,637.173282831017,118.319439282803,NA,NA,NA,NA,1372.13426708208,2010.0127793052,463.094512627645,0
"TCGA.EY.A2OM",NA,NA,933.672369532509,NA,NA,739.907893400523,117.735597876867,447.642645472463,NA,358.43594578888,2159.81940660814,2870.20990733688,638.589521382784,447.642645472463
"TCGA.EC.A1NJ",191.103298241305,25.625138055621,NA,NA,413.962271145791,113.11240461793,NA,30.7468535854439,NA,NA,1303.65387375446,2121.11274742642,589.448212416508,30.7468535854439
"TCGA.PG.A7D5",NA,109.71756981303,NA,NA,NA,59.0230016869885,74.6584012607203,808.36736112161,NA,111.350911326408,932.946509054268,2099.03167726732,316.003568181863,808.36736112161
"TCGA.D1.A1NX",157.17116906261,27.8100432602898,74.8779154413464,NA,194.015465687942,151.421477861201,NA,NA,NA,NA,327.066943465438,1801.14829735959,374.257846141348,0
"TCGA.B5.A0K9",143.995248733455,261.876142225978,NA,57.3733527257203,102.511551675825,27.3250476278279,NA,2078.18175873546,NA,NA,NA,809.659341876205,NA,2078.18175873546
"TCGA.AP.A0LH",198.720332623375,472.172727378014,NA,NA,331.518767083496,255.394993656478,NA,3797.2699463594,NA,NA,1063.04390475571,2550.23251854095,716.285612710184,3797.2699463594
"TCGA.AX.A2IO",259.106321791826,59.0470669048306,NA,NA,NA,100.666630957742,NA,NA,NA,NA,1559.6739154475,3743.70482927649,557.368533223309,0
"TCGA.DF.A2KY",89.2277946453244,62.9313941200735,26.8115176866066,NA,305.004533188729,60.2590047596949,NA,NA,NA,NA,1489.37916101926,2802.48484848799,954.764820425666,0
"TCGA.AP.A0LS",106.882782685306,26.0688954824661,NA,NA,1378.89750300345,NA,NA,NA,NA,NA,1078.47966995983,371.120466454122,1413.5739958496,0
"TCGA.AP.A0LP",156.699261910089,54.9137215384293,49.7988122999384,NA,555.80895090566,17.0535116861837,NA,NA,NA,NA,1077.37518855877,1282.71203997712,820.016268858645,0
"TCGA.AX.A1C9",48.746434993854,83.649762339561,9.86611391313388,NA,NA,84.9617390795068,NA,1181.67984985365,NA,20.1638621232697,679.291568758282,2146.11922109078,NA,1181.67984985365
"TCGA.AJ.A3BH",396.554195486304,82.5557399306254,NA,NA,372.540770508875,NA,13.0613783531494,NA,NA,NA,1380.50024705803,4360.40978360745,879.030611835546,0
"TCGA.D1.A17H",203.779368961898,41.6147914086283,NA,NA,643.708213395671,NA,NA,199.87439079647,NA,NA,888.601089923165,2273.47248129048,481.510142151457,199.87439079647
"TCGA.BS.A0TG",198.404361854845,113.834904570477,NA,NA,633.214645434989,NA,21.093967330108,675.632973795464,NA,NA,876.886844222629,2897.87953414733,746.399089248135,675.632973795464
"TCGA.AX.A3GI",227.97637372949,9.80288202726621,NA,NA,672.120933220122,NA,NA,455.736179386305,NA,NA,856.781910074476,2056.36864262715,199.299434324736,455.736179386305
"TCGA.EO.A2CH",104.209941275939,67.1460451681066,NA,NA,443.924962757214,NA,5.1045412727579,998.919666876374,NA,NA,NA,923.410631375953,218.632989290685,998.919666876374
"TCGA.BG.A187",36.6574492126975,81.6508670238259,NA,NA,NA,31.2324868712901,69.9033626531908,1274.25162675879,NA,54.3429954242876,542.438045243198,1856.90666149662,NA,1274.25162675879
"TCGA.AX.A0IZ",97.6507727980569,50.5017890809158,NA,NA,455.641153620596,NA,NA,337.360190344055,NA,NA,622.943943027715,1172.94797613453,619.640685551656,337.360190344055
"TCGA.BK.A6W3",NA,30.2877749208763,NA,NA,NA,23.426396750371,52.2514313866439,394.015033746111,NA,129.298621736077,1318.10853270916,3455.83543513,524.481514234467,394.015033746111
"TCGA.D1.A17F",128.708101946829,58.3705999280973,NA,NA,147.695694024863,6.68741352675684,NA,554.02371397818,NA,NA,363.273762690747,1152.27370937543,98.6969713983182,554.02371397818
"TCGA.AX.A1CF",2200.53957282858,NA,NA,NA,99.4164243783601,NA,NA,NA,NA,NA,1454.80745692092,2834.06422730195,520.76228185553,0
"TCGA.BG.A2L7",383.446270252565,304.359395386321,NA,45.9208284733265,NA,106.884250681902,NA,1737.19051798845,NA,167.262463561766,2208.72965206409,4181.12165363338,NA,1737.19051798845
"TCGA.DI.A2QU",120.143983426887,192.977098064928,NA,18.2498594201528,189.553735602741,63.7537752048718,NA,1188.07692097253,NA,NA,NA,1554.85728666949,756.138176750098,1188.07692097253
"TCGA.DI.A2QY",159.974470855063,33.4211525164826,218.15195709398,NA,NA,86.7239247521294,NA,NA,NA,54.7021051587163,1045.32616088153,2769.65632198316,420.919717739878,0
"TCGA.D1.A2G6",177.446195204049,14.7655038150943,NA,NA,554.684435798627,22.3200593600326,NA,NA,NA,6.7813984014163,1374.65795985912,2032.27675317968,457.590002010753,0
"TCGA.A5.A0GR",421.373300634441,NA,NA,10.2350724826055,219.816271768848,NA,NA,424.785115241098,NA,NA,308.425135616461,3107.49679438579,466.79890094787,424.785115241098
"TCGA.BK.A13B",141.397194896933,28.8707692631958,NA,NA,568.532230359429,33.5124479623117,NA,NA,NA,NA,986.372125641766,3233.03035515532,597.202372023459,0
"TCGA.AX.A3G8",452.35274143442,78.909276498736,20.3418191705456,NA,NA,28.3784461725446,NA,NA,NA,NA,1998.92877696488,5101.70457291124,684.291613779022,0
"TCGA.BS.A0V4",108.657063233277,36.5626800485347,36.852301639334,NA,81.1034328724743,NA,NA,462.316821857933,NA,28.8927103081953,353.790662122246,1090.66208718836,NA,462.316821857933
"TCGA.A5.A0VQ",144.427822770901,NA,1177.16835812698,NA,584.036224869209,940.739942666427,NA,34.0931300462098,NA,NA,269.348083108633,1595.99525205501,343.071843776973,34.0931300462098
"TCGA.AJ.A3EL",425.241633972132,489.958403803337,3420.28001599864,111.344804071469,NA,2250.14873528861,NA,4666.87728549057,NA,62.9711298481233,NA,4269.96661733627,NA,4666.87728549057
"TCGA.D1.A167",163.312490931995,58.223066557332,NA,NA,100.947098207918,NA,NA,434.126489977909,NA,NA,317.121528195469,1457.02626342807,203.008090554481,434.126489977909
"TCGA.JU.AAVI",NA,27.1051732593798,NA,NA,NA,89.1771431721401,108.041622940067,384.61189594125,NA,195.967998877874,1804.20941098563,2603.23005739275,550.732480243762,384.61189594125
"TCGA.A5.A2K7",150.724479581038,68.8450478584793,NA,NA,NA,7.53156887883045,NA,428.361152041118,NA,18.5938247940879,329.064036835647,1989.27613621783,85.6296261457828,428.361152041118
"TCGA.A5.A0VO",NA,NA,NA,NA,NA,NA,NA,1327.74701625728,233.294304890011,NA,691.709259539776,10165.8767118913,1447.9960699408,1327.74701625728
"TCGA.B5.A11G",70.7721960129793,124.002701479369,NA,NA,NA,83.1486208638303,83.3016935103508,1893.76343562811,NA,681.683552520333,NA,2166.17887768263,310.936206866837,1893.76343562811
"TCGA.4E.A92E",168.407722412358,NA,16.5689881436811,NA,NA,NA,99.5186724651451,322.712436325153,NA,246.457559127205,1632.39751114809,3121.17978126666,385.090031362772,322.712436325153
"TCGA.5B.A90C",92.5456171312158,79.5200794342115,58.1886907509346,15.2836305961601,NA,144.854026025856,NA,1690.65204322679,NA,44.0699519571705,NA,1927.07219016293,NA,1690.65204322679
"TCGA.EY.A548",128.444780912584,24.0179189211471,NA,NA,499.706895553458,NA,NA,NA,NA,31.9879515584663,965.550933551661,1924.02752535626,530.773057788633,0
"TCGA.D1.A17S",80.2932253221942,37.03861158186,NA,1.73023185948428,454.485891702803,NA,NA,NA,NA,NA,1028.56159864272,1058.5135175946,650.721094261873,0
"TCGA.BK.A4ZD",31.0470767045776,72.4419856929512,NA,NA,99.9692403902232,58.4498387418919,62.1989222234266,1327.63329730871,NA,32.4484663385949,NA,976.597770750599,NA,1327.63329730871
"TCGA.AX.A0J1",79.4458442024277,133.725688701786,NA,1.76255109099942,NA,61.7376474554674,NA,1612.25710825249,NA,46.5971170206395,NA,2963.8337197379,NA,1612.25710825249
"TCGA.BG.A0MK",367.021436453975,109.694598331,NA,NA,NA,NA,28.6580587119371,NA,NA,NA,1632.84933794043,5774.65134368234,702.056604105156,0
"TCGA.AP.A052",169.751020801647,50.2820368196043,NA,NA,1076.40518079667,NA,NA,171.095398272439,NA,NA,900.522983650819,2231.3995373471,825.268241215549,171.095398272439
"TCGA.AJ.A3BG",NA,NA,NA,NA,4676.31201327239,NA,NA,NA,96.5591350142152,NA,NA,NA,566.067029907503,0
"TCGA.D1.A16F",NA,37.6532384203837,NA,NA,1474.71145763036,26.7632562446362,93.5311877298617,NA,NA,160.845279880764,2745.67479204327,1429.10824584447,842.851586134944,0
"TCGA.EY.A1GH",137.216138195712,39.4120968279832,39.5966287289534,NA,NA,58.6554124364498,NA,762.12728178973,NA,69.484673511564,770.630371204033,3024.37047799709,NA,762.12728178973
"TCGA.AX.A1CK",121.714477451048,155.096362215863,NA,NA,191.149794261374,80.8772595734573,NA,1354.47092548851,NA,NA,300.550405783575,1185.95514808584,231.908865915767,1354.47092548851
"TCGA.DI.A0WH",857.18137421892,NA,NA,NA,430.155805503145,NA,NA,554.687433470169,NA,44.8917657036252,NA,4578.68514347984,504.765847567784,554.687433470169
"TCGA.AP.A054",38.3029090042287,59.0903759500931,NA,NA,NA,18.2480228787777,NA,739.294387742675,NA,35.6564419302667,245.237479447642,1222.82773610568,123.029835538676,739.294387742675
"TCGA.BG.A0YV",122.129446544455,21.1208644734844,NA,NA,401.203532921848,NA,NA,NA,NA,NA,547.718855321248,1516.34559089969,483.565935982114,0
"TCGA.AX.A0IW",236.478912944548,61.1314833406506,NA,NA,250.612911896492,NA,NA,241.836293800645,NA,NA,1316.34072353281,2228.40852192719,309.681476938637,241.836293800645
"TCGA.AJ.A2QK",81.6759472569664,112.019647708941,NA,NA,NA,98.6151515059598,85.0780707065264,1747.11747670971,NA,121.360779182039,711.217075503478,2435.26952824733,NA,1747.11747670971
"TCGA.A5.A7WK",141.230696864393,64.8724610763422,19.1492559914604,NA,738.330107042707,40.2721552971353,NA,NA,NA,NA,1328.02856599599,1292.55030880377,950.727484303979,0
"TCGA.B5.A11H",110.207462132145,66.8752618970027,NA,NA,NA,NA,30.7263572900788,347.492188695596,NA,44.113602727852,879.794199237024,1210.07873041867,283.797012317965,347.492188695596
"TCGA.QF.A5YS",66.7269830307572,NA,NA,NA,NA,NA,69.5126433815945,1169.96959029917,NA,276.992965881924,NA,7184.98603352647,494.911649426888,1169.96959029917
"TCGA.BS.A0TI",22.4151378168174,241.676434238048,NA,72.7603030837941,418.463475890502,127.55393442459,NA,1460.10869917254,NA,NA,NA,963.761363730666,441.263848203866,1460.10869917254
"TCGA.AJ.A2QN",105.448919878997,88.639454220055,NA,NA,443.609138805759,NA,NA,632.022830324925,NA,31.7858812835972,814.298560238896,2957.54519423681,723.871775602941,632.022830324925
"TCGA.BS.A0WQ",NA,136.223768973953,51.6664060161226,NA,NA,99.9907462538078,148.29927755808,1649.21087209297,NA,174.482771600417,NA,2623.51973368436,532.250787208109,1649.21087209297
"TCGA.EY.A1GT",164.40703991252,45.812731273825,NA,NA,218.738619054527,NA,NA,623.765687231181,NA,55.9641699522261,443.839649290171,2776.89623423592,351.836955770091,623.765687231181
"TCGA.AP.A0LI",286.666615909602,182.686961367194,2731.11857376687,NA,NA,3116.97150947297,NA,838.804742379504,NA,39.9930398041065,467.41841610532,3325.7431604447,NA,838.804742379504
"TCGA.BS.A0UT",134.492873203228,51.5530811726827,33.8253510791905,NA,2098.90051045522,NA,NA,NA,223.882807257271,NA,2647.91919802282,1106.88717873352,707.747194273505,0
"TCGA.AX.A3G6",181.294989867018,146.739117181691,NA,27.2590834722596,346.861094823857,54.8722826674375,NA,1121.39345493206,NA,NA,NA,1694.11081132665,506.910078516664,1121.39345493206
"TCGA.EY.A1GV",146.754368892168,74.3514099557617,57.4216736280906,NA,1051.03242625173,49.982759420787,NA,NA,NA,NA,1395.31439238007,953.75063951158,1005.66325128765,0
"TCGA.D1.A17B",NA,27.1980047993374,NA,NA,1234.77682830786,NA,112.429448659636,2586.23913597163,NA,1215.78796137583,2239.78239111843,1819.86226602657,1987.99137570775,2586.23913597163
"TCGA.AX.A05U",NA,99.4131366514451,NA,NA,NA,86.3143839434358,24.9951739231122,860.113332958914,NA,44.813057411156,637.993390383328,2117.97116404288,88.4110382266852,860.113332958914
"TCGA.AJ.A3I9",75.2121335229763,24.3720034989225,8.01186411191408,NA,583.583794386125,NA,11.5381529889095,NA,NA,NA,451.022076097435,1692.01212757905,614.132210753382,0
"TCGA.AX.A06H",158.674693192443,67.4876495919724,NA,NA,546.172814574632,NA,NA,246.059365999618,NA,NA,692.882750442642,2118.29218116405,530.23463475099,246.059365999618
"TCGA.D1.A177",2028.74086430325,305.830060413641,NA,38.5012694398263,NA,NA,34.8463827325825,2141.63659882942,NA,NA,1072.32799973691,7309.28457697492,199.507824336857,2141.63659882942
"TCGA.PG.A6IB",91.5314391076404,NA,26.9314427890631,NA,NA,NA,16.9788678272994,245.210490415759,NA,91.6669733865056,775.212609100648,1595.31717128173,450.851622635284,245.210490415759
"TCGA.PG.A915",NA,106.839473929803,NA,NA,NA,95.9805531875935,64.877895585827,1662.55466080531,NA,1417.61257268872,NA,803.820815360098,479.268507750519,1662.55466080531
"TCGA.B5.A3FC",173.770338871112,139.023488677182,NA,NA,NA,88.2805430217795,89.9262779808803,1060.58311189295,NA,188.28875040544,1531.91044908579,2807.39755771963,NA,1060.58311189295
"TCGA.BG.A0VZ",186.108201062788,49.9909987274228,46.710369345193,NA,395.991371261878,NA,NA,515.616948649186,NA,NA,645.486244054131,1942.69058247381,246.237905802692,515.616948649186
"TCGA.DI.A2QT",379.470469728366,52.3132877605057,NA,NA,NA,35.1757001795569,NA,NA,NA,7.86219583724147,2193.64044813064,5596.94123591391,458.296343822008,0
"TCGA.B5.A3FD",36.4956570176986,43.6697151446573,NA,NA,NA,14.9626093645251,NA,219.031776821369,NA,17.1433622213954,907.551544374096,1372.8233698247,379.411368927566,219.031776821369
"TCGA.D1.A1O5",307.282421874655,NA,616.024582419929,NA,222.142009270968,505.577999960753,NA,NA,NA,81.260803186376,1359.30134224402,3294.20738479989,738.494961839084,0
"TCGA.D1.A175",55.5399337137244,67.2484486569287,89.3924987437286,NA,913.07609681527,116.695883438163,NA,NA,NA,NA,899.798920382439,1625.70825837752,1130.50289823034,0
"TCGA.EC.A1QX",276.559085326407,77.5711628274602,162.75888183033,NA,118.508478445108,126.306118264722,NA,NA,NA,NA,1101.9622474797,2796.8194359342,506.708834447579,0
"TCGA.AX.A06L",164.333561768941,35.1678467185812,27.4632486417261,NA,209.808923454669,123.367485556454,NA,NA,NA,NA,1089.15207435384,2024.04246623095,424.245523624513,0
"TCGA.B5.A1MU",101.488555930879,11.9416616444771,NA,NA,556.700454329705,70.8298206082386,NA,NA,NA,NA,1184.87362402135,1473.69488317134,773.951306457613,0
"TCGA.D1.A15V",153.496931419375,NA,98.6363929502316,NA,67.8923667570448,32.6754432955922,NA,NA,NA,23.6446446641265,1565.24731564396,2377.86576585454,467.288383571036,0
"TCGA.B5.A11X",343.999204653509,82.8259579169461,62.7841906055674,NA,NA,NA,13.8224704342221,NA,NA,83.9560928273199,2182.63632941337,5946.36461522728,469.836299567432,0
"TCGA.EY.A2OP",311.347055411182,259.518400266978,NA,NA,NA,143.741653671683,NA,NA,NA,82.466289950006,3818.82881454917,4371.24056496758,907.436394591267,0
"TCGA.BS.A0TJ",117.02825397504,547.969114456668,NA,132.869731121797,290.473942646023,181.282185930064,NA,4466.8967820688,NA,20.6489023355392,NA,1085.64614241187,NA,4466.8967820688
"TCGA.BG.A0MA",120.429270930836,0.519747089379522,NA,1.1587899907191,374.666200297186,NA,NA,548.281943277924,NA,NA,258.980198831865,1130.18953790577,420.408579974765,548.281943277924
"TCGA.EY.A1GW",NA,63.0193183807328,NA,8.95531400644988,NA,38.320586368045,33.3456779883836,1323.45804768244,NA,652.867055900929,NA,1172.29696536937,152.325816138556,1323.45804768244
"TCGA.BS.A0U8",77.1463214853557,58.315245504844,NA,14.8445903452777,NA,20.2417122022277,16.9193593442566,575.667159763261,NA,33.4801475179092,NA,882.910315673155,NA,575.667159763261
"TCGA.AX.A1CI",639.078999491179,NA,NA,NA,473.001967823989,NA,NA,NA,NA,10.1345100348864,NA,3991.57584959653,760.278390987347,0
"TCGA.B5.A11M",109.912763141795,357.179966739258,134.059589981956,41.1137937831894,736.829063807099,422.349090014653,NA,3264.49647179727,NA,NA,NA,56.9395123463731,NA,3264.49647179727
"TCGA.EO.A3KX",127.306918327074,576.465269594664,NA,NA,2301.36027353323,198.357679865279,NA,2041.73674002631,NA,NA,4626.07526597319,3722.84891566723,3065.5252696151,2041.73674002631
"TCGA.BG.A18A",130.838987481122,33.796373052581,11.9505877915439,NA,431.48267371205,NA,NA,549.276676422528,NA,NA,142.967099265525,2611.90783467022,77.6392695180198,549.276676422528
"TCGA.PG.A914",677.701730476568,158.904296833351,13.525390780542,NA,NA,26.9845287836021,36.8473946530121,NA,NA,NA,1574.26823013563,6845.4796615602,730.092369022992,0
"TCGA.BS.A0UJ",327.089383014817,1.21309168994846,NA,NA,744.061257616897,NA,33.0304502743378,NA,NA,54.0863149653943,653.218352000213,2081.48724945337,786.483777664717,0
