,SBS1,SBS10a,SBS10b,SBS10d,SBS13,SBS14,SBS15,SBS18,SBS2,SBS20,SBS21,SBS28,SBS5,SBS54,SBS96,SBS97,SBS98
TCGA-DG-A2KK,446.96254692354717,0.0,0.0,36.51372180497779,104.39611892464707,105.82665183765565,0.0,579.4124597849761,0.0,0.0,0.0,0.0,5366.681815968147,0.0,0.0,0.0,0.0
TCGA-C5-A1ML,637.5932194550405,0.0,0.0,0.0,66.33774543151782,0.0,0.0,161.24377509815724,0.0,129.26354676032065,0.0,0.0,4208.295608624483,141.64366101286254,204.4265452689129,0.0,127.10781117732512
TCGA-FU-A3TX,210.2426617264303,0.0,0.0,59.52711581457044,77.92074841008082,51.14252902740622,0.0,559.7510374082061,27.3800824278455,94.46514749054884,39.1681689583979,0.0,1656.5493196181678,154.27477221604542,0.0,0.0,0.0
TCGA-EK-A2RD,0.0,0.0,0.0,0.0,0.0,63.30397808734928,0.0,638.2713642404752,0.0,0.0,0.0,0.0,2295.6367738302542,0.0,0.0,0.0,0.0
TCGA-EK-A2PM,476.9894122851272,0.0,0.0,134.08556149034814,10.81068673903237,89.60180171189354,240.94417482660776,913.0612037792008,0.0,390.25598637366,0.0,0.0,2799.8487931174095,239.48188670716894,0.0,0.0,0.0
TCGA-C5-A3HL,358.6189036301489,0.0,0.0,0.0,0.0,0.0,0.0,642.4938382413259,0.0,0.0,0.0,0.0,3935.229388814562,0.0,0.0,0.0,0.0
TCGA-VS-A8QF,1868.9016531907366,0.0,0.0,0.0,507.7751650351162,0.0,0.0,302.8803862879595,724.5933324968782,193.5089835187756,170.4116994758785,0.0,10778.065937590947,484.0240861695844,0.0,0.0,0.0
TCGA-VS-A94X,1706.7698478824336,24234.24109517216,14236.237442254132,0.0,0.0,1563.6707869508973,1009.4586762314002,650.3222335577975,0.0,277.40953144049644,1443.5255071496485,9677.261289134869,1732.9210103868727,769.888715765187,0.0,0.0,2832.4082622559454
TCGA-C5-A1BF,701.0887485471258,0.0,0.0,0.0,145.3861843985266,65.82362575638949,0.0,558.4737755948596,0.0,177.53711194157347,0.0,0.0,5619.147368637135,271.37836825779584,0.0,0.0,0.0
TCGA-DS-A1OB,864.7680681498351,0.0,0.0,98.8843725403156,125.59565104859172,0.0,0.0,416.3149375065421,0.0,185.9379568751521,0.0,0.0,7605.53418449076,431.21285826889624,256.0143973630925,0.0,0.0
TCGA-C5-A1BE,517.8516108795768,0.0,0.0,88.67106312769539,218.48244928989024,62.26575176148452,0.0,687.7847380284923,0.0,48.57934891365806,0.0,0.0,4054.7987749490385,269.456806636779,0.0,0.0,44.223231198235126
TCGA-EA-A556,133.3713530907727,0.0,0.0,72.52530707471354,0.0,68.59010007704448,0.0,728.7392675998871,0.0,49.68201902663557,0.0,0.0,1955.4068494366024,53.38252568028945,0.0,0.0,0.0
TCGA-EA-A3Y4,808.85771463381,0.0,0.0,60.09539872641409,151.69674962411008,95.7483300909298,0.0,793.3617280665486,0.0,151.40201871053299,0.0,0.0,7137.181085732967,341.3391275745065,0.0,0.0,0.0
TCGA-ZX-AA5X,427.87372109988553,0.0,0.0,0.0,0.0,0.0,0.0,0.0,0.0,126.75404858092986,0.0,0.0,4056.768526659686,0.0,0.0,0.0,104.74708286798052
TCGA-VS-A9UU,467.0116825949609,0.0,0.0,107.12253949832504,273.26942187254167,246.69423020762207,0.0,1268.3950610725392,188.798860454472,0.0,79.16847189609192,0.0,3950.570259793203,200.0175855150478,0.0,0.0,0.0
TCGA-MY-A5BF,265.49522583442103,0.0,0.0,0.0,148.41906917142904,60.86522535533719,0.0,471.8438951585287,0.0,56.26493234896452,0.0,0.0,3028.8431943138753,76.15083404206842,0.0,0.0,0.0
TCGA-C5-A1MF,898.5896803989837,0.0,0.0,0.0,149.59064705462566,0.0,0.0,647.742849316647,0.0,110.54842541258105,0.0,0.0,7897.625370841236,222.26551032590896,0.0,0.0,0.0
TCGA-EK-A2PG,154.76831038369085,0.0,0.0,0.0,0.0,0.0,0.0,309.5566264465135,0.0,0.0,0.0,0.0,3017.0033740489516,0.0,0.0,0.0,0.0
TCGA-UC-A7PG,464.44533850148014,0.0,0.0,69.49519815972958,181.40176793053945,58.38843546279044,0.0,677.186790752194,0.0,161.08070298850168,0.0,0.0,5263.08779611265,0.0,155.68468752833599,0.0,204.1262992825056
TCGA-UC-A7PG.1,726.8857778500292,0.0,0.0,96.4865908324016,45.549475621103056,52.33323589062236,0.0,827.6797863162474,0.0,201.18877722312993,0.0,0.0,5512.0835029917,231.05153349181094,0.0,0.0,0.0
TCGA-4J-AA1J,135.55584411738346,0.0,0.0,42.80664994659025,0.0,79.58298759235875,0.0,575.8136208580808,0.0,0.0,0.0,0.0,1349.8200858856726,75.18773564541864,0.0,0.0,0.0
TCGA-JW-A5VI,0.0,0.0,0.0,0.0,0.0,0.0,0.0,755.5140743397251,0.0,0.0,0.0,0.0,3306.2021999450008,0.0,0.0,0.0,0.0
TCGA-PN-A8MA,544.3553752592773,0.0,0.0,0.0,0.0,47.63601316767796,35.80732496727242,533.2782142454938,0.0,145.5073649801888,0.0,0.0,3472.400173622603,117.8953266349665,0.0,0.0,0.0
TCGA-C5-A7X8,193.29715821445467,0.0,0.0,48.245778463022816,0.0,26.21314593993895,0.0,374.73578560330645,0.0,147.20091518702043,0.0,0.0,2119.947364637071,0.0,0.0,0.0,159.28506920654394
TCGA-VS-A8Q9,598.259229951622,0.0,0.0,0.0,217.2612251774949,140.0579538026885,0.0,911.2478198395288,129.51265832835244,244.19828286494663,0.0,0.0,4767.823006872262,84.9516886559548,0.0,0.0,0.0
TCGA-IR-A3LC,498.5819322853429,0.0,0.0,0.0,76.39110438754949,17.408104409695774,0.0,404.4059925987279,0.0,155.438598553238,0.0,0.0,4372.445003076044,149.59451234663067,0.0,0.0,25.056320055444075
TCGA-ZJ-AAXT,590.7792453766069,0.0,0.0,0.0,364.6850489859297,108.91706827440845,0.0,613.5297306626784,357.64360471470224,50.6211624107514,0.0,0.0,5830.082640735196,0.0,0.0,0.0,98.36859375489936
TCGA-2W-A8YY,280.7652205709261,0.0,0.0,108.825152002121,49.02395063155451,142.06793841424468,0.0,1026.47905701772,0.0,32.69879087850926,0.0,0.0,2468.580653461021,85.22419881630498,0.0,0.0,0.0
TCGA-C5-A7UC,0.0,0.0,0.0,0.0,0.0,69.75158307374096,0.0,578.6134924306091,0.0,0.0,0.0,0.0,2521.8309638137584,0.0,0.0,0.0,123.66167562833787
TCGA-Q1-A73Q,240.99211581938195,0.0,0.0,0.0,96.40243510362353,0.0,0.0,215.7005446175256,0.0,77.2213958020896,0.0,0.0,3315.678074118861,0.0,0.0,0.0,284.4559486850576
TCGA-Q1-A6DW,156.4125771842256,0.0,0.0,26.00622562156568,0.0,42.83235742937958,0.0,438.4492778829864,0.0,41.62462179485752,0.0,0.0,1473.3118617455893,51.16814563724023,0.0,0.0,0.0
TCGA-EA-A5ZE,106.17952743331443,0.0,0.0,0.0,0.0,17.472317737060266,0.0,102.468751796159,0.0,0.0,0.0,0.0,958.0649779666032,0.0,0.0,0.0,0.0
TCGA-MU-A5YI,853.005365721107,0.0,0.0,0.0,35.03244587607678,165.6404221086692,0.0,1025.818961273708,56.28716830265558,131.0997690915057,57.80790668084836,0.0,6104.562391234949,237.47635399606003,0.0,0.0,0.0
TCGA-DS-A0VK,465.08576876838697,0.0,0.0,20.706961184108813,0.0,0.0,351.6131835506042,191.4791000136585,0.0,406.47271550562056,69.11987066748985,0.0,1597.312812657255,239.86138381234167,0.0,145.85633903153072,0.0
TCGA-ZJ-AAXN,1342.5437737894988,0.0,0.0,0.0,287.73614540954134,0.0,0.0,1040.866523626112,0.0,159.28411205565317,0.0,0.0,15323.267921723087,0.0,212.11131350381925,0.0,0.0
TCGA-VS-A9UA,201.01033767263925,0.0,0.0,0.0,0.0,0.0,0.0,0.0,0.0,122.10994562177356,99.4219423257974,0.0,2645.0492809825355,0.0,0.0,0.0,65.97698332029131
TCGA-VS-A9UD,194.01430598887018,0.0,0.0,0.0,0.0,25.542560954667916,0.0,239.2571430345452,0.0,0.0,0.0,0.0,1908.7289048060525,0.0,0.0,0.0,174.90044315300383
TCGA-EK-A2RL,353.96131186913,0.0,0.0,0.0,154.21243170752754,108.34082196542839,0.0,373.9333163990407,0.0,0.0,0.0,0.0,4846.398703562028,0.0,0.0,0.0,406.6552314289918
TCGA-EA-A3HR,213.0819345059137,0.0,0.0,0.0,0.0,0.0,0.0,200.3988429485937,0.0,0.0,0.0,0.0,2981.0717374667847,0.0,0.0,0.0,424.2255740303498
TCGA-DS-A3LQ,978.0758234788135,0.0,0.0,0.0,161.84919413557944,0.0,0.0,533.1854096564851,0.0,101.6118858415456,0.0,0.0,9781.893908348662,252.2305462593631,0.0,0.0,0.0
TCGA-FU-A40J,102.53501704079234,0.0,0.0,0.0,124.16665802030582,158.39463529391872,0.0,477.582250987207,0.0,0.0,0.0,0.0,4111.871134765504,0.0,0.0,0.0,1074.1242755797805
TCGA-IR-A3L7,263.6492469626045,0.0,0.0,42.978960917580416,25.52251447146817,0.0,132.76511258565847,217.5929345820753,0.0,94.83094518432259,0.0,0.0,1723.1732196795506,86.95826368048895,189.83536702168072,0.0,106.48807601897636
TCGA-GH-A9DA,222.7103369488754,0.0,0.0,147.40468989403135,127.16230410115557,82.74681616026004,270.21799093963233,936.9784163508568,109.73212831592991,269.44813376278944,0.0,0.0,2153.926393246985,57.05097251054483,0.0,108.4786899609955,0.0
TCGA-FU-A3HY,167.42104889958472,0.0,0.0,71.0545043181184,0.0,91.638173056459,0.0,808.0714065902195,39.38677417019007,0.0,0.0,0.0,2216.96977509227,0.0,0.0,0.0,0.0
TCGA-VS-A9UZ,0.0,0.0,0.0,0.0,0.0,67.58778401647655,0.0,772.6315880693886,0.0,0.0,0.0,0.0,3071.4852092050337,0.0,0.0,0.0,0.0
TCGA-FU-A3WB,541.1339640170104,0.0,0.0,0.0,38.806899321949096,155.26398083673035,0.0,653.485157308903,0.0,0.0,0.0,0.0,6046.061088101543,0.0,0.0,0.0,591.1390776583648
TCGA-EK-A2H1,123.80299055741973,0.0,0.0,122.21949939540704,89.93042300721117,62.40088518477612,611.7885911091114,606.7864695806969,87.5309226383585,290.21842448533846,0.0,0.0,1878.8887383502918,15.438840430910012,0.0,0.0,0.0
TCGA-VS-A9UH,2226.4038643715508,0.0,0.0,0.0,463.65980186923326,0.0,0.0,0.0,0.0,485.5135167386218,1356.609500467888,0.0,18676.68266023469,1509.2254414993324,2280.709807788623,0.0,7391.345698469483
TCGA-VS-A94Z,195.93695903653833,0.0,0.0,25.28690384627052,137.59069258010743,175.5027555656609,0.0,544.2710874533011,138.30377999629195,0.0,0.0,0.0,3170.01172495262,0.0,258.0626459975975,0.0,438.9051252036044
TCGA-EA-A50E,207.74841684560033,0.0,0.0,0.0,0.0,40.92055996619014,0.0,226.75982892388865,0.0,67.09102920229978,0.0,0.0,1981.885556664538,0.0,0.0,0.0,0.0
TCGA-ZJ-AAXJ,563.0906622045936,0.0,0.0,146.39617914919722,0.0,120.29881965886374,0.0,1027.519500714136,0.0,178.5222200034235,72.3156723814966,0.0,4099.537247153192,300.4875956285057,0.0,0.0,0.0
TCGA-EX-A1H5,764.4325481188728,0.0,0.0,0.0,48.67700329213426,59.23426252111024,27.259770817141316,572.3402600964314,44.23514840515345,121.70184640049801,52.04153942018706,0.0,5106.965237303583,273.48115725892706,0.0,0.0,0.0
TCGA-HM-A4S6,374.7694217951912,0.0,0.0,106.27687053702203,0.0,110.63257483066215,88.98922925683604,980.2303465807252,0.0,0.0,0.0,0.0,3303.1975350960574,195.35660996678308,0.0,0.0,0.0
TCGA-EA-A3HQ,362.9563631730023,0.0,0.0,0.0,275.12719818490325,76.10095112861696,0.0,728.8789203539684,292.50918661513003,198.87864894791056,0.0,0.0,2740.6021932652357,47.53872912643169,0.0,0.0,0.0
TCGA-VS-A8Q8,257.31174569546516,0.0,0.0,105.01645414815148,82.55033294963367,172.39929734964645,0.0,980.6646511569984,0.0,0.0,0.0,0.0,2142.403387673981,139.32643532403816,0.0,0.0,0.0
TCGA-FU-A3YQ,151.8771497284436,0.0,0.0,109.76148604569948,86.70213903388881,196.1643508329507,0.0,570.9084388259134,0.0,0.0,0.0,77.49274779396518,3617.9752703569743,0.0,328.77788406557676,0.0,1627.061169943697
TCGA-FU-A3HZ,245.65073423260182,0.0,0.0,0.0,0.0,0.0,0.0,230.6452112858658,0.0,64.91793899128098,0.0,0.0,3115.9076779030247,0.0,0.0,0.0,487.67333297333647
TCGA-Q1-A5R3,137.9358320316618,0.0,0.0,0.0,0.0,53.18159104310901,0.0,427.722119219809,0.0,149.4634462270856,0.0,0.0,3631.005233305519,0.0,228.23543533458815,0.0,708.8096231688793
TCGA-DR-A0ZM,134.33640519123315,0.0,0.0,51.39545738092533,45.627441884628006,32.603133865305814,186.78229656532693,348.44440164827665,0.0,125.51321580787469,0.0,0.0,1649.0833199569702,0.0,164.86218815269743,0.0,162.3681710226257
TCGA-LP-A4AW,193.5664829012124,0.0,0.0,269.0652306478879,13.20573214298402,112.27905376932986,260.2447098798931,1592.9962944237734,0.0,268.96675426496245,0.0,0.0,2584.378733043526,112.72397538211032,0.0,0.0,0.0
TCGA-EA-A3HS,0.0,0.0,0.0,158.77790105407453,272.3947200371843,358.5786268809741,0.0,1582.809848339883,0.0,301.1009757823803,0.0,322.7628595972053,7701.4938111898555,0.0,892.7205813927524,0.0,3605.507562162276
TCGA-IR-A3LI,179.86624716795944,0.0,0.0,59.16606408352806,0.0,30.958110882539494,0.0,668.7699817562585,0.0,0.0,0.0,0.0,2710.9799062001694,0.0,0.0,0.0,181.90120649190712
TCGA-C5-A2M2,150.1035430225951,0.0,0.0,192.91853027477,33.95271525019993,69.54660839692987,327.5742926628951,1180.8455143779947,0.0,461.8322296284524,0.0,0.0,1978.5130930267535,130.4488487808042,0.0,0.0,0.0
TCGA-MU-A51Y,222.90930643735928,0.0,0.0,19.68773493234344,0.0,62.02409426281164,0.0,419.41617680845695,0.0,0.0,0.0,14.076255275133851,1833.4911967838307,122.24468691775677,0.0,0.0,424.85224454460194
TCGA-IR-A3LF,99.30683492064729,0.0,0.0,63.12454665383035,0.0,76.26707672687014,0.0,582.5435300157613,0.0,0.0,0.0,2.699976948040055,2451.337904035704,0.0,0.0,0.0,25.714913037873316
TCGA-VS-A9UJ,235.8479567428794,0.0,0.0,98.74548884410976,15.04827526056454,0.0,0.0,291.4214020699851,36.73120620979553,136.3402892676884,0.0,0.0,3058.7178934642698,0.0,163.88893215859912,0.0,231.84156763027875
TCGA-C5-A1BJ,2141.0998234826666,0.0,0.0,58.79062861687643,12.24256788156005,25.34807106343226,245.7245878669385,682.5430043699328,0.0,226.37782714315608,49.42331373294132,0.0,2431.295062836286,158.30372930482847,0.0,0.0,106.47436243947436
TCGA-EA-A78R,0.0,0.0,0.0,0.0,0.0,0.0,0.0,697.837705119935,0.0,0.0,0.0,0.0,4308.841735945879,0.0,0.0,0.0,0.0
TCGA-VS-A8EI,450.8534302252242,0.0,0.0,0.0,90.22306925176068,138.35679467648953,0.0,938.5388714414132,0.0,0.0,0.0,0.0,5791.24495354688,0.0,190.52115404665176,0.0,0.0
TCGA-EA-A410,502.8286164539026,0.0,287.6550124734604,0.0,0.0,0.0,3733.422517064916,0.0,235.78214470511668,488.5132660658835,3848.4313399745856,0.0,8068.46300171068,1245.0689217162758,1988.029471661384,2897.398734499806,0.0
TCGA-JW-A852,285.14879970091175,0.0,0.0,0.0,0.0,43.38379225275692,0.0,600.1844455957827,0.0,39.613338844551734,0.0,0.0,2874.9545370492497,0.0,0.0,0.0,0.0
TCGA-C5-A1BM,169.32805989625595,0.0,0.0,65.63481743474495,0.0,82.96385995287066,0.0,806.9908642647115,33.586673611398076,0.0,0.0,0.0,2239.6168967701506,0.0,0.0,0.0,0.0
TCGA-MA-AA41,321.85117352767884,0.0,0.0,0.0,107.30247295376941,73.64645163112276,37.426039943190574,709.2252290044892,48.04114815139352,181.53187486265736,0.0,0.0,3082.982679093385,64.51140264591652,0.0,0.0,0.0
TCGA-C5-A1M6,119.07091782870904,0.0,0.0,0.0,0.0,0.0,0.0,215.41332696820623,0.0,42.07279481953702,0.0,0.0,313.4400476491077,0.0,1243.290041743467,0.0,2084.241539935616
TCGA-C5-A7UH,195.88609831128306,0.0,0.0,99.97849122573182,3.7263751265350926,101.15952817546732,0.0,691.834691068563,0.0,13.345809220163773,0.0,0.0,1419.2308725764228,66.6033086397105,0.0,0.0,0.0
TCGA-EA-A411,526.7321835169644,0.0,0.0,297.1858004396653,66.07892154386715,222.34599350011155,37.66211606407497,1798.7289447428557,45.75320265123018,329.8479192458978,0.0,0.0,4085.7785460699893,75.3888287574386,0.0,0.0,0.0
TCGA-C5-A1ME,258.3249590893957,0.0,0.0,55.56888635456603,0.0,79.71789861410733,0.0,831.248460589529,0.0,0.0,0.0,0.0,3657.0770562424696,0.0,0.0,0.0,156.22552097298282
TCGA-VS-A9UY,168.6967805816094,0.0,0.0,0.0,69.23495295863165,51.35927699578181,0.0,184.0172808300713,0.0,50.37590186363363,0.0,0.0,2552.7378385267248,0.0,65.32887882323315,0.0,373.1625707055964
TCGA-C5-A1M9,640.5217408126057,0.0,0.0,102.55955898130038,130.4821443539488,28.554329459479163,0.0,624.3007747722245,0.0,169.34087096014707,0.0,0.0,6561.520077081477,0.0,0.0,0.0,72.42398512995454
TCGA-C5-A1M5,92.4286717231846,0.0,0.0,0.0,0.0,0.0,0.0,0.0,0.0,0.0,0.0,0.0,0.0,0.0,2510.41457292072,0.0,2961.2420811592165
TCGA-Q1-A6DT,132.1168920665317,0.0,27.85272522447072,209.17315805868503,98.66395520445154,44.45894384608259,380.5089230208541,919.8214434668664,93.95959330549162,333.61832336813734,0.0,0.0,1758.3653112335846,34.39042349374117,0.0,0.0,0.0
TCGA-VS-A8EG,203.88289630600042,0.0,0.0,27.10025499691747,46.746098531493786,65.05275426157279,0.0,652.8126847048165,38.067172093168686,16.495711226196306,0.0,0.0,2348.920844677332,0.0,0.0,0.0,0.0
TCGA-JW-A5VH,0.0,0.0,0.0,0.0,0.0,247.2305529708646,0.0,1317.6626671480874,0.0,256.562328813265,0.0,0.0,2746.3455461501917,0.0,0.0,0.0,0.0
TCGA-R2-A69V,305.2183629318261,0.0,0.0,72.31797628764491,93.24210666142116,88.39947775491075,0.0,458.69845504464087,0.0,97.2732112843192,0.0,24.83213945218177,5190.3442300443,0.0,302.18313443112106,0.0,1144.7832240319235
TCGA-BI-A20A,379.44883728848333,0.0,0.0,87.6826855823642,108.70451012906511,78.10512628615666,0.0,708.5441377670078,0.0,140.5877152670774,0.0,0.0,3696.3600025961086,0.0,84.04269344770705,0.0,0.0
TCGA-C5-A2LV,243.58370882928165,0.0,0.0,83.34297049727587,27.678539775141044,135.93969454224668,0.0,934.8463648230336,0.0,92.05113280786246,0.0,0.0,1919.7906354404759,23.893091332312043,0.0,0.0,0.0
TCGA-C5-A902,2826.18770551174,0.0,0.0,0.0,0.0,192.34063634850497,0.0,1325.349467454639,0.0,239.7339023324107,503.0000716442448,0.0,19083.827691980165,1210.1903739460508,0.0,0.0,0.0
TCGA-UC-A7PD,120.50888577511645,0.0,0.0,0.0,111.48178653530282,58.69249936686713,0.0,392.2100301258977,0.0,201.13429832587946,0.0,49.62989658125933,2004.9520033814983,0.0,222.1635424345065,0.0,397.53611055192704
TCGA-C5-A1M8,369.87084364582984,0.0,0.0,0.0,849.7693835036671,21.683525209327286,0.0,243.97139468447472,700.5621460558424,120.72402665688747,0.0,0.0,2633.3373437971777,240.01776329004957,0.0,0.0,0.0
TCGA-C5-A3HD,168.00492304493736,0.0,0.0,0.0,0.0,0.0,0.0,246.826636710496,0.0,49.18310952981472,0.0,0.0,2960.02615728037,0.0,0.0,0.0,275.7033678524589
TCGA-FU-A770,389.83553551674356,0.0,0.0,81.17409326417439,42.1356954711879,74.49075939119291,0.0,675.7012613311954,0.0,148.8018899157807,0.0,0.0,2916.7035386374982,185.94264567321363,0.0,0.0,0.0
TCGA-LP-A5U3,144.12452215201108,0.0,0.0,46.20420648160054,0.0,32.9838365094854,0.0,519.5496172841398,0.0,46.96649789050386,0.0,0.0,1505.057817672764,0.0,0.0,0.0,0.0
TCGA-ZJ-AAX4,328.57688285533766,0.0,0.0,76.46433124145663,0.0,0.0,205.97568179601868,597.2785746643681,0.0,267.98560555192716,0.0,0.0,3863.175880775014,203.26269645125012,0.0,0.0,149.09901107231622
TCGA-UC-A7PF,137.3419690919573,0.0,0.0,0.0,76.84800258406274,48.91953604155024,0.0,170.7328965933226,0.0,57.87160170623207,0.0,0.0,2444.2378182557686,0.0,0.0,0.0,277.6505117254504
TCGA-C5-A0TN,200.9359521498045,0.0,0.0,163.15220684834077,160.71319213784426,266.1210308833427,0.0,1114.3022979541624,0.0,0.0,0.0,256.31188242319183,5170.533996121893,0.0,533.0623409526527,0.0,2848.231019671647
TCGA-EA-A5O9,793.0857436833351,0.0,0.0,0.0,0.0,0.0,0.0,0.0,0.0,135.85195232355238,0.0,0.0,6756.822409174425,0.0,0.0,0.0,373.3515034481031
TCGA-VS-AA62,0.0,0.0,0.0,531.7095777055432,371.9668340535394,488.60638470733255,0.0,2653.6482807381967,0.0,0.0,0.0,300.00194399715656,7086.875364464511,0.0,1192.4871120026746,0.0,5788.039137164258
TCGA-C5-A8XH,360.3897887585224,0.0,0.0,0.0,42.61053351731964,68.34224700565976,0.0,434.5399433792662,104.2185574471964,154.23694312145182,55.3795263008754,0.0,2642.4703184197324,128.74187113523445,0.0,0.0,0.0
TCGA-C5-A2LS,739.7618774598764,0.0,0.0,97.04102262606068,0.0,90.45296067041949,552.1108575131494,735.5042095245997,0.0,382.4082927570263,53.80523775447768,0.0,3106.767874765228,365.2932877901391,0.0,0.0,0.0
TCGA-VS-A8QA,787.5556632589216,0.0,0.0,0.0,141.15251572042905,62.6920482301893,0.0,494.4002196932269,0.0,133.05255411225994,0.0,0.0,6972.3601540954805,320.369713228176,0.0,0.0,0.0
TCGA-JW-AAVH,0.0,0.0,0.0,315.7569920238593,0.0,0.0,0.0,1183.305213033898,0.0,172.92727456426346,0.0,0.0,1943.4848204821221,0.0,0.0,0.0,0.0
TCGA-C5-A7CK,376.8851143321754,0.0,0.0,0.0,0.0,0.0,47.55011479731474,305.37722420412945,0.0,214.55961629181456,0.0,0.0,3281.963124608399,303.9926392337052,0.0,0.0,0.0
TCGA-VS-A9V3,454.3677457194729,0.0,0.0,47.42040231363417,167.43474399952487,39.49443983156707,0.0,477.0660228524007,115.4749271321935,86.73669661971705,0.0,0.0,4385.355923146279,0.0,36.28774651245777,0.0,0.0
TCGA-MU-A8JM,218.82929826280247,0.0,0.0,342.66428701191325,21.129310290819415,105.31423284020606,179.3054220094328,1608.6468136736592,25.912321425440865,386.04162123008325,0.0,0.0,2607.416723537789,131.35053933881437,0.0,0.0,0.0
TCGA-EX-A8YF,495.7482941706223,0.0,0.0,0.0,167.20109217274316,35.62126806566269,0.0,504.9953998848947,0.0,180.0103042618319,0.0,0.0,4580.995348914368,102.64651620729892,0.0,0.0,0.0
TCGA-EX-A69M,1686.3629335882551,0.0,0.0,78.93608928884002,0.0,0.0,703.5416891742709,460.6613759061351,0.0,281.01988120325547,0.0,0.0,2799.5179994831888,319.17473270478024,0.0,0.0,134.66614574785308
TCGA-LP-A5U2,191.3584387451183,0.0,0.0,227.62770495319177,0.0,93.62043421498313,341.8186921185794,1252.9385201743082,0.0,400.541993613925,0.0,0.0,2420.68149435977,119.65772009613207,0.0,0.0,0.0
TCGA-EX-A1H6,0.0,0.0,0.0,1876.139248345372,617.1158994241383,825.6387782390275,0.0,5710.547007889812,1084.6567389415081,0.0,0.0,375.9255176213919,2604.7005847768114,0.0,1507.3631912577307,1956.5537520241357,12566.372020129278
TCGA-JX-A3Q0,1270.839608050903,0.0,0.0,0.0,0.0,0.0,1081.791076022068,188.9971158583864,0.0,511.154909195508,1578.7520608188538,0.0,4392.228339950512,0.0,450.4726142638912,0.0,0.0
TCGA-C5-A1MJ,214.27641412671937,0.0,0.0,60.7714673510283,22.32865310630637,1.1911503382504165,40.259919666055985,324.5184841879715,0.0,96.45012604778866,0.0,13.825260468680455,1404.053216417055,139.78587362413768,0.0,0.0,0.0
TCGA-VS-A8QM,282.95155489423706,0.0,0.0,81.36100331172327,29.567507964172105,97.35113679131422,0.0,764.6912090167425,0.0,0.0,0.0,0.0,2488.8945943893696,73.50287163730565,0.0,0.0,0.0
TCGA-C5-A1MN,13561.766587741908,8327.348062011097,8598.538796824329,0.0,0.0,1502.3819259371112,10576.412977610667,0.0,1290.6230922244313,0.0,764.553111820696,3256.472764306198,29588.55831566607,0.0,0.0,0.0,0.0
TCGA-VS-A9UQ,294.23534160275665,0.0,0.0,63.26952052844956,0.0,0.0,0.0,386.01752934391504,0.0,114.99616712719543,44.554760620055646,0.0,2462.078336739014,34.694745859684076,0.0,0.0,37.60234555839418
TCGA-VS-A8EB,138.60438959908015,0.0,0.0,148.83606619932362,67.54432254706688,157.54632898646778,0.0,596.0709065190678,0.0,0.0,0.0,32.55612979886073,3223.6932814196816,0.0,310.57744950389815,0.0,1174.0481620346445
TCGA-DG-A2KL,326.24661665124444,0.0,0.0,0.0,392.9892345269472,86.22135238001412,0.0,411.4638536961172,619.1628305698885,200.314569178182,0.0,0.0,5643.238548148414,0.0,255.44257119660065,0.0,791.2602854065196
TCGA-VS-A8EJ,262.6732448007381,0.0,0.0,0.0,126.90970713264147,94.5160494506617,0.0,371.6845210421057,0.0,86.5813354231567,0.0,0.0,3751.9479091391336,0.0,296.075202229032,0.0,792.5701134808207
TCGA-MA-AA3Y,0.0,0.0,0.0,0.0,0.0,0.0,0.0,192.59091984800037,0.0,117.92581959577858,0.0,0.881924741255828,389.5760598023225,0.0,0.0,0.0,105.01961946609644
TCGA-VS-A94W,0.0,0.0,0.0,0.0,0.0,0.0,0.0,974.523402478704,0.0,0.0,0.0,0.0,4308.237105769702,0.0,0.0,0.0,220.4515108566445
TCGA-C5-A1MH,116.17409933572978,0.0,0.0,0.0,66.83486038189885,50.1576659285355,0.0,289.89453901915374,0.0,156.5779089406184,0.0,0.0,2842.1047973724635,0.0,196.93712969362304,0.0,313.0083039941894
TCGA-LP-A4AX,292.8060424966356,0.0,0.0,135.2115882410285,42.89447729624979,34.41087429004034,345.8019497566041,749.481179491135,0.0,297.58754494605193,0.0,0.0,2609.0862863523726,129.2069460028015,0.0,0.0,419.06886166270095
TCGA-EA-A43B,555.9926097980351,0.0,0.0,104.25107267344288,109.88712441818332,187.62659523809953,0.0,1193.6044858947566,0.0,0.0,0.0,0.0,6904.668260562386,0.0,0.0,0.0,265.1712429110909
TCGA-C5-A8ZZ,344.30690576089137,0.0,0.0,42.766972306108585,96.02266739538356,79.44191583497965,0.0,599.5774434117236,0.0,0.0,0.0,0.0,3826.649755353971,0.0,47.61414103604673,0.0,45.30214862249973
TCGA-JX-A3Q8,315.01842304586546,0.0,0.0,0.0,558.07124693173,71.81137771798913,0.0,289.8861615903712,656.024649543438,70.56882372010759,0.0,0.0,4138.042156346667,0.0,82.23692889218327,0.0,636.4579535604967
TCGA-EA-A5ZD,266.4198365277341,0.0,0.0,72.99883162557157,92.7013312332116,177.67863643549208,0.0,974.22633035638,123.41788624025125,167.3226107280235,0.0,0.0,2158.3486630275347,67.58254066306122,0.0,0.0,0.0
TCGA-DR-A0ZL,55.16227041628688,0.0,0.0,337.3322219168484,39.691868360966986,0.0,449.6104041329285,1764.292894511446,241.09251843816065,175.98091670001247,0.0,0.0,3631.5433000404364,100.4710013222278,138.02837980696577,0.0,0.0
TCGA-BI-A0VS,809.3501133623236,0.0,0.0,0.0,113.88984765259855,25.798478989601946,0.0,470.7950299011635,0.0,176.3821404597205,0.0,0.0,6825.948067027117,157.1027677811147,147.97177364073508,0.0,0.0
TCGA-BI-A0VR,568.8077507318578,0.0,0.0,0.0,106.79595164032796,0.0,0.0,379.5853835215467,0.0,206.9993372473534,0.0,0.0,5218.293226526479,397.96774391317524,227.92453493793454,0.0,0.0
TCGA-Q1-A73P,615.7090928237063,0.0,0.0,0.0,0.0,8.77395930236252,381.25710309574924,172.3408505838134,0.0,455.51420020072777,0.0,0.0,3839.3701615531418,105.2892091742934,0.0,0.0,264.3642639544778
TCGA-EA-A3HT,603.4323342829146,0.0,0.0,0.0,128.05229386139956,118.4620822759122,0.0,947.3203981487894,0.0,0.0,0.0,0.0,8174.130896367094,0.0,0.0,0.0,215.33429947932655
TCGA-VS-A950,510.0275745570836,0.0,0.0,46.95292264137812,0.0,0.0,0.0,368.8083899999641,0.0,74.2061419261336,0.0,0.0,2613.56657311219,205.06761511275852,0.0,0.0,0.0
TCGA-JX-A3PZ,356.1780731861479,0.0,0.0,55.51230216036629,126.14070495118625,25.102851663307064,0.0,509.5141849577491,0.0,79.422950363822,0.0,0.0,3423.835783223254,78.38930419895061,164.59502493026338,0.0,0.0
TCGA-EA-A439,238.2857881492891,0.0,0.0,26.192634361416808,0.0,17.43110741519644,26.057416893376825,251.11852131687448,0.0,84.59954615871754,0.0,0.0,1619.7542481569722,151.25963182131997,0.0,0.0,0.0
TCGA-ZJ-AAXI,180.03534687273208,0.0,0.0,0.0,0.0,41.23244741158558,0.0,227.9083789090776,0.0,0.0,0.0,0.0,2642.4189125022435,0.0,0.0,0.0,328.370758445727
TCGA-EK-A2PL,342.67597804692565,0.0,0.0,104.15921803046672,58.5871190190168,15.858133424745517,0.0,641.2418741363605,0.0,76.44223226715916,0.0,0.0,3367.342274700576,84.34438330037142,0.0,0.0,0.0
TCGA-DS-A1OA,653.2024199417048,0.0,0.0,129.9907516241566,81.33711439472012,102.63347200594664,0.0,1031.5920698352752,0.0,0.0,0.0,0.0,8582.359843803333,0.0,0.0,0.0,342.87525044887184
TCGA-WL-A834,1121.8840287035068,0.0,0.0,0.0,193.56268152735456,46.25799706873746,0.0,605.9157500564658,0.0,160.74323025433353,0.0,0.0,9736.387541231601,427.612782905638,0.0,0.0,0.0
TCGA-VS-A9UO,689.341279374856,0.0,0.0,71.79578940304464,0.0,43.118771531369426,0.0,672.6885909268287,0.0,129.2874842114432,60.62572394617394,0.0,5060.671825978841,372.3254766172404,0.0,0.0,0.0
TCGA-C5-A7X3,0.0,0.0,0.0,5519.499246701462,310.5787428955741,0.0,0.0,9580.267979877464,0.0,495.7114713888482,10.503475585346655,0.0,657.7288503296435,83.97974131258218,0.0,0.0,0.0
TCGA-VS-A9U7,271.34016539540096,0.0,85.18336556879717,34.92671940800753,562.1624946007782,101.71001688068434,0.0,822.759918140844,758.7624230578729,105.87114161103767,0.0,0.0,1874.6930219807696,19.33681055605214,0.0,0.0,0.0
TCGA-EX-A69L,356.8830416114244,0.0,0.0,0.0,593.4077522991724,23.235199285812485,0.0,250.4983122309227,449.0877149123067,74.98611902547657,0.0,0.0,2280.5678009136063,192.42740784397728,0.0,0.0,0.0
TCGA-EA-A1QS,109.80011364982664,0.0,0.0,0.0,0.0,80.24813738571966,0.0,306.251574421976,0.0,0.0,0.0,0.0,1977.2730648325955,0.0,0.0,0.0,367.29901114589086
TCGA-LP-A7HU,775.8234327057226,11697.53955201036,5964.29972528381,625.9656519745677,0.0,1037.4282741222562,650.6519916671996,1214.9479816142011,0.0,0.0,599.7458598246528,5552.125968385769,2338.5804457676377,333.49063760320166,0.0,0.0,311.43161902229986
TCGA-FU-A3TQ,438.2402375475529,0.0,0.0,136.751484146492,185.90200480105648,114.62870564623017,0.0,979.51968543356,213.6434858879132,0.0,0.0,0.0,5060.387801122924,0.0,0.0,0.0,302.2827032761146
TCGA-EK-A2IP,234.96381783145443,0.0,0.0,143.5755711074054,77.0945038635814,62.17204277987734,431.6247510336362,808.9877776247403,155.0697256090338,237.5534209415064,0.0,0.0,2455.210639125433,41.50343550470131,0.0,0.0,0.0
TCGA-VS-A9V4,1112.0812416031044,0.0,0.0,0.0,91.7211260305561,0.0,0.0,455.1484025169914,0.0,273.9163491554685,0.0,0.0,7759.356998600469,455.6516066924671,244.63317227975074,0.0,0.0
TCGA-VS-A9UL,895.606529291088,0.0,0.0,0.0,48.30750480215596,0.0,34.70908552305218,220.5083793795054,160.02050564820223,194.2867552584085,134.86170977244376,0.0,5277.089730048124,143.40513590784423,0.0,0.0,0.0
TCGA-HM-A3JK,125.9177915199483,0.0,0.0,0.0,0.0,28.385556777711017,0.0,148.9438132055031,0.0,0.0,0.0,0.0,2673.653889618221,0.0,0.0,0.0,611.6140141652521
TCGA-DG-A2KJ,142.84639063427647,0.0,0.0,55.19101393001013,0.0,58.72285429572589,0.0,627.6686419838909,0.0,38.891095468666606,0.0,0.0,1215.702714754531,51.80287587097682,0.0,0.0,0.0
TCGA-EK-A2H0,173.0441095355498,0.0,0.0,251.6155139438712,40.827506399104045,0.0,357.6760549140615,932.0657840045924,0.0,371.5832935027717,0.0,0.0,2042.484563457204,59.39876882570235,0.0,0.0,0.0
TCGA-HM-A6W2,0.0,0.0,0.0,0.0,0.0,0.0,0.0,843.4205087406233,0.0,0.0,0.0,0.0,4110.200906529373,0.0,0.0,0.0,0.0
TCGA-HM-A6W2.1,360.66287945798734,0.0,0.0,0.0,60.430331003972846,40.89671628709528,0.0,471.686427821257,0.0,158.71270381982555,0.0,0.0,3022.914102670922,165.46958631612267,0.0,0.0,0.0
TCGA-IR-A3LL,254.32065793421577,0.0,0.0,33.94902989082237,11.845381332636146,59.73464754684375,0.0,433.3367902878501,0.0,102.4020481374539,0.0,0.0,2136.5206092814783,124.87951858858024,0.0,0.0,0.0
TCGA-C5-A1MQ,141.4492266769579,0.0,0.0,0.0,89.05247551235851,41.23660877982134,0.0,291.27577549470817,0.0,157.72515112691727,0.0,0.0,3317.5501334603364,0.0,192.52681907683774,0.0,299.7383509331198
TCGA-C5-A1BK,240.27022339524913,0.0,0.0,0.0,2519.1580679849394,22.11421200059337,0.0,112.94360131845676,1546.9889987181016,101.28679570961845,0.0,0.0,1996.2986243061118,0.0,0.0,0.0,0.0
TCGA-JW-A5VL,0.0,0.0,0.0,0.0,100.50853726432037,32.749407087738376,0.0,697.1875966913535,0.0,363.47840248330294,0.0,0.0,4858.580117011379,0.0,951.4754689969494,0.0,1522.1310775594843
TCGA-DG-A2KM,325.5513392903409,0.0,0.0,0.0,190.27072530319114,64.1558108504586,52.38088034140179,609.6170927063358,44.72858989383739,98.60389301284857,49.02056525631534,0.0,2603.0780766895336,156.28196204552353,0.0,0.0,0.0
TCGA-EA-A5ZF,418.6507765487951,0.0,0.0,0.0,0.0,61.15980883775342,0.0,354.33018390942584,0.0,0.0,0.0,0.0,6057.986381526095,0.0,57.11967079368513,0.0,702.4823860490624
TCGA-EX-A449,274.7816009130427,0.0,0.0,68.20756913874722,0.0,51.65642132899462,0.0,746.2446931385397,0.0,0.0,0.0,0.0,2785.8792993314014,0.0,0.0,0.0,0.0
TCGA-IR-A3LA,716.9656125601457,0.0,0.0,0.0,662.3646245527179,58.18970360156386,1637.6949389836063,264.9423164151533,694.32415151969,132.09390691775275,0.0,380.68438965788147,2992.206688712042,242.319152583709,73.37456413052892,0.0,642.5385122329062
TCGA-DS-A1OC,43.49807247105553,0.0,0.0,70.08507830139536,0.0,236.1522128281333,0.0,1341.2123729843647,0.0,171.9090915343589,0.0,19.678864372884334,2510.9011585627995,0.0,0.0,0.0,467.2597598758298
TCGA-EK-A2R9,623.5839541354253,0.0,0.0,0.0,0.0,0.0,0.0,1048.118076869679,0.0,0.0,0.0,0.0,7788.661360142454,0.0,0.0,0.0,561.9297537280402
TCGA-DG-A2KH,0.0,0.0,0.0,0.0,139.46039502971553,95.10725514775073,0.0,677.1748761627191,0.0,329.64600362541637,0.0,18.819392390461125,5739.775009997944,0.0,454.0105273090311,0.0,896.7089715865327
TCGA-ZJ-A8QQ,236.8763278983419,0.0,371.9059243016473,0.0,2990.7793853270987,35.5421386266391,22.060601065394962,446.5879151406472,2398.5751599417854,194.21898444819377,0.0,0.0,2175.3059212890657,22.902267840440015,0.0,0.0,0.0
TCGA-EK-A2RN,127.0866059842278,0.0,0.0,177.12342424275272,181.95255267398483,297.9087752398334,0.0,999.8878763093916,0.0,0.0,0.0,40.137686708213195,5536.743705181105,0.0,523.3983513817329,0.0,1906.366167135781
TCGA-VS-A9V2,0.0,0.0,0.0,0.0,0.0,123.58279283431747,0.0,1111.4471312377348,0.0,0.0,0.0,0.0,3219.4123461830372,0.0,0.0,0.0,0.0
TCGA-C5-A1BL,1709.6147444004428,0.0,0.0,0.0,185.2996357336259,0.0,0.0,412.3362478353032,0.0,251.83098762205094,0.0,0.0,13198.19833848401,718.7214909414002,0.0,0.0,0.0
TCGA-VS-A8EH,376.85785733437956,0.0,0.0,53.465117495105375,4.923150046374724,107.8515122791397,0.0,953.6088052138556,49.1475385926987,157.5786725249332,45.55312754793988,0.0,3130.6337632909235,53.96391645688287,0.0,0.0,0.0
TCGA-EK-A2PK,286.1741262254255,0.0,0.0,25.715331889050404,0.0,98.47274288095667,233.33047474631536,695.9284119014306,50.48448092972594,0.0,104.40322957381272,0.0,2629.236654024132,0.0,0.0,0.0,643.9993896685961
TCGA-C5-A3HF,1159.0534947687129,0.0,0.0,113.00741737593648,0.0,0.0,0.0,719.8660064907033,0.0,220.04241808302066,198.29857624070047,0.0,8292.016712913355,441.4667265061603,0.0,0.0,0.0
TCGA-C5-A1MP,170.1991640973091,0.0,14.214009550135003,45.29816450041055,0.0,72.71496757180591,0.0,642.9285352126169,0.0,0.0,0.0,0.0,2353.135890321958,0.0,0.0,0.0,54.17487914319145
TCGA-ZJ-AAXF,131.00888839300478,0.0,0.0,66.68002653197593,19.63146897732272,7.164065691515376,132.00463408182472,288.90588531398384,0.0,110.02773484912572,0.0,0.0,1365.4244885043995,33.40573234842755,168.187332621115,0.0,147.79950497382504
TCGA-JW-A5VG,20.59889654565958,0.0,0.0,0.0,0.0,0.0,0.0,14.605105911182278,0.0,0.0,0.0,5.979195999812459,131.437655832748,0.0,0.0,0.0,70.43050584866064
TCGA-VS-A94Y,358.7651305543545,0.0,0.0,0.0,0.0,51.16700634386575,0.0,290.2107908203721,0.0,0.0,0.0,0.0,4283.4211522778605,0.0,0.0,0.0,337.6861108853048
TCGA-VS-A9UT,84.82731510096659,0.0,0.0,138.50083339086666,46.93206373521063,0.0,556.5569173080265,473.3856519493662,0.0,237.03512687498596,0.0,0.0,2030.425300235643,181.34121040994106,0.0,0.0,0.0
TCGA-EK-A2RC,228.442674242002,0.0,0.0,0.0,46.22473736225621,0.0,0.0,102.7489447190425,0.0,0.0,0.0,0.0,2950.995664236714,0.0,0.0,0.0,34.12656647322315
TCGA-EK-A2RK,694.6972148262666,0.0,0.0,127.75510835489855,0.0,17.002662856408786,835.672595998325,443.9628124273923,0.0,817.7529150184914,83.00420209082125,0.0,2348.6085240212606,494.0971170934188,0.0,825.4175436090052,0.0
TCGA-JX-A5QV,264.8695852646039,0.0,0.0,0.0,115.3881159332216,0.0,0.0,454.5355920890218,0.0,134.44486820005693,0.0,0.0,1348.9667418303152,0.0,1833.1050291723595,0.0,2902.5372934927373
TCGA-MA-AA3X,131.54651402475753,0.0,0.0,113.71749910729132,50.43750650310964,175.6735386966419,0.0,724.9527020158653,0.0,0.0,0.0,78.65673797250525,4258.7514943628685,0.0,340.1965892042034,0.0,1261.128263918813
TCGA-C5-A1MK,295.10190203660136,0.0,0.0,147.1454601494355,33.90452808012682,164.50712320861516,50.96298769391676,1085.1070412786837,0.0,169.15839189238653,0.0,0.0,2997.5284382362033,144.12935764533484,0.0,0.0,0.0
TCGA-C5-A2LX,690.2148543911128,0.0,0.0,0.0,0.0,0.0,0.0,1534.658267760231,0.0,0.0,0.0,0.0,10112.918222696153,0.0,0.0,0.0,500.7699307894934
TCGA-C5-A3HE,126.94498187729229,0.0,0.0,0.0,0.0,0.0,116.0387089121561,147.56130926326756,0.0,0.0,0.0,0.0,2418.502615082341,0.0,119.0872479487999,0.0,181.70419351414583
TCGA-C5-A8YR,277.45101508128226,0.0,0.0,45.38144926126125,23.393841903566866,84.2735403922928,0.0,828.8376559621012,0.0,162.9795155398536,0.0,0.0,2103.9904590432716,0.0,0.0,0.0,0.0
TCGA-EK-A2PI,116.55425235903164,0.0,0.0,0.0,67.75655454324848,9.52158611231653,581.166488904685,195.84192701650613,0.0,207.98793505300733,0.0,0.0,2154.0263905699976,0.0,0.0,0.0,0.0
TCGA-EK-A2RM,563.9829180828956,0.0,0.0,138.09002393993484,132.21657932918532,45.71524831088832,0.0,752.268563821437,0.0,134.43817675692716,0.0,0.0,5980.472376294614,0.0,144.30446324675614,0.0,0.0
TCGA-DS-A7WI,117.4248531839643,0.0,0.0,17.32654160194189,0.0,59.72274660127165,0.0,189.4617902210071,0.0,0.0,0.0,0.0,1346.6811167199576,0.0,0.0,0.0,41.817742083155906
TCGA-VS-A8QH,108.17096323138409,0.0,0.0,0.0,0.0,0.0,894.0543133217608,280.0715938363777,18.699991606729526,0.0,0.0,0.0,2494.8159188960663,31.90157104037049,0.0,0.0,0.0
TCGA-UC-A7PI,350.27475756833434,0.0,0.0,0.0,0.0,0.0,0.0,137.9281790949259,0.0,0.0,0.0,0.0,3939.923749358264,0.0,0.0,0.0,475.83668178373983
TCGA-Q1-A6DV,133.2100475942857,0.0,0.0,30.92295336945768,39.78577564796879,906.5992456557896,209.49901175822566,3400.8784764207644,20.509968634544034,0.0,0.0,0.0,2163.2355421147067,152.83297519305842,0.0,0.0,0.0
TCGA-C5-A907,225.14238699418743,0.0,0.0,0.0,115.8170349605225,25.5517563629021,15.761390533941585,343.44775218230933,146.46266649224214,26.124473389948836,0.0,0.0,1596.0865181885476,188.42377295604763,0.0,0.0,0.0
TCGA-EK-A2RO,251.4301559368597,0.0,0.0,91.79013202388845,88.68273529637943,152.55521720533042,0.0,694.237826965148,0.0,116.008055432091,0.0,0.0,4343.047534170107,0.0,339.81655215909484,0.0,915.5030198688623
TCGA-C5-A905,537.3667799236197,0.0,0.0,0.0,241.7814081045126,27.056456984000587,0.0,381.23209468484254,223.38029358612607,179.19947205111544,0.0,0.0,6433.523902804716,0.0,220.67906839615733,0.0,213.92778470471922
TCGA-VS-A9UV,0.0,0.0,0.0,0.0,0.0,0.0,0.0,564.9536214962541,0.0,0.0,0.0,0.0,3014.506545105865,0.0,0.0,0.0,0.0
TCGA-MY-A913,212.46193655246378,0.0,0.0,45.14203500026775,0.0,60.99555856826869,0.0,480.3010483317853,0.0,0.0,0.0,1.0901283651741287,1798.453598645132,0.0,0.0,0.0,0.0
TCGA-VS-A9UB,297.05581529318493,0.0,0.0,0.0,65.69514742014266,50.00953256626098,0.0,370.7481197083962,0.0,0.0,0.0,0.0,2634.0658699526184,52.70082609573899,0.0,0.0,0.0
TCGA-VS-A957,48.51253518768713,0.0,0.0,0.0,68.2256322037684,53.39561570894804,0.0,418.1007651148802,0.0,184.91275145052913,0.0,17.029337244039386,2414.294006270661,0.0,209.6207705281871,0.0,236.38668609145245
TCGA-VS-A8QC,249.34174232908907,0.0,0.0,0.0,0.0,0.0,0.0,114.62406457197908,0.0,73.98710574341875,46.60148862278941,0.0,2005.0845804781857,96.09969674597552,0.0,0.0,0.0
TCGA-EK-A3GM,0.0,0.0,0.0,135.36824875554913,0.0,213.17739558732546,0.0,1169.6621404795617,0.0,0.0,0.0,0.0,2596.125404904581,0.0,0.0,0.0,0.0
TCGA-VS-A9UC,250.97988317135432,0.0,0.0,0.0,373.50272464241425,43.06471566846301,0.0,262.50877441414747,385.7985444104661,0.0,0.0,0.0,3349.2855001124135,0.0,232.51767806040397,0.0,620.6055886422223
TCGA-EK-A2RJ,161.14339518298607,0.0,0.0,0.0,0.0,32.83059070228835,0.0,424.8284667695458,0.0,193.54172850519922,0.0,0.0,2802.73905621544,0.0,0.0,0.0,320.404970789612
TCGA-EA-A44S,279.705075157962,0.0,0.0,207.8396352446839,63.82894488674219,20.938761022691907,0.0,943.4946848926376,0.0,243.05994067952696,0.0,0.0,3170.7654403708566,104.90164733596124,0.0,0.0,0.0
TCGA-Q1-A73O,314.5328348193268,0.0,0.0,110.5909931642986,26.4635618343392,126.91188694469054,0.0,996.7624563327088,0.0,138.0725157534328,0.0,0.0,3139.85385932674,82.25679128498977,0.0,0.0,0.0
TCGA-C5-A7CM,384.3953430439841,0.0,0.0,0.0,0.0,57.03195930274697,0.0,599.2490216988217,0.0,82.51886937719749,0.0,0.0,3568.264425726312,112.5448932608121,0.0,0.0,0.0
TCGA-VS-A9V5,607.2686141055337,0.0,0.0,0.0,135.83490668898708,51.13651368194444,0.0,390.1610475575064,0.0,0.0,0.0,0.0,6098.003917850625,0.0,93.78330082109073,0.0,0.0
TCGA-MA-AA42,251.2785927744046,0.0,0.0,0.0,0.0,61.16383151566504,0.0,552.593850006407,0.0,0.0,0.0,0.0,2685.050084579047,0.0,0.0,0.0,0.0
TCGA-FU-A3NI,219.96793446087503,0.0,0.0,29.01885227001956,0.0,32.00263896979197,0.0,212.4613113838467,0.0,0.0,0.0,0.0,3271.3803753177963,0.0,0.0,0.0,272.97709113245577
TCGA-ZJ-A8QR,3042.0663812201547,0.0,0.0,0.0,0.0,0.0,1149.6613758339624,335.03630169403687,0.0,813.7707574891826,0.0,0.0,3540.4215264663526,0.0,0.0,0.0,0.0
TCGA-ZJ-AAXU,645.9126123718668,0.0,0.0,52.94702159050775,0.0,100.51855272167828,0.0,794.0250358118946,0.0,102.02258240326572,95.77781599953488,0.0,5079.376576032968,224.2016107795152,0.0,0.0,0.0
TCGA-C5-A8YQ,176.9394437003761,0.0,0.0,66.54599345319978,182.767144714109,204.78020195431998,0.0,875.8760133782056,0.0,0.0,0.0,166.5891855259683,4600.64403353341,0.0,462.12967334823276,0.0,2040.4621390135708
TCGA-EK-A3GJ,258.0729079089374,0.0,0.0,115.69197219876352,27.3458735527542,189.40031360646975,0.0,1187.261653334278,0.0,191.41594507878054,0.0,0.0,2658.434070383689,75.3504519395999,0.0,0.0,0.0
TCGA-C5-A7XC,119.34930506800436,0.0,0.0,78.40557046641544,0.0,108.4283369104754,0.0,633.0967953476068,0.0,93.45898842432038,0.0,0.0,2691.271849241748,0.0,0.0,0.0,267.04402491317524
TCGA-DS-A0VL,415.487391877283,0.0,0.0,109.8243748965215,72.70557183585493,115.54487164751104,0.0,913.6171936746476,0.0,0.0,0.0,0.0,4403.291340262644,115.81808323069475,0.0,0.0,86.43798439770656
TCGA-VS-A8EL,108.5085251005772,0.0,0.0,167.96541711776794,62.08120990090707,0.0,615.6121765185542,527.6381323933792,0.0,259.9771640912181,0.0,0.0,2089.6394336366484,22.23356009034066,0.0,0.0,0.0
TCGA-EA-A5FO,373.04700697037663,0.0,0.0,90.83912739046868,76.12405061439509,89.22940884405284,0.0,712.2728463501583,0.0,105.45335886232807,0.0,0.0,3669.727652098189,0.0,44.78467116681289,0.0,0.0
TCGA-DS-A0VM,160.94551419100122,0.0,0.0,0.0,28.51195409708832,18.02166022381772,0.0,272.68001677284576,0.0,123.62114514783634,0.0,0.0,1099.023927756655,44.89800125769268,319.1619834728723,0.0,324.1540924928587
TCGA-MA-AA43,226.1826221810905,0.0,0.0,72.72826195758225,28.99734812130584,101.5800267780544,0.0,770.8648204679957,0.0,66.86724421826456,0.0,0.0,2012.5084600726666,47.90584738568548,0.0,0.0,0.0
TCGA-VS-A9UM,182.6742502411141,0.0,0.0,218.2203994054132,41.504080485557395,158.71102300363015,296.63415190993055,1503.045448915034,0.0,381.02852159306553,0.0,0.0,2475.0189133418035,57.1236433966128,0.0,0.0,0.0
TCGA-JW-A5VJ,285.22063415053185,0.0,0.0,237.3692882232152,0.0,83.6059707060697,341.85416232586095,1368.9844747719385,0.0,383.2223521472175,0.0,0.0,2706.2539040575994,141.4158952706297,0.0,0.0,0.0
TCGA-LP-A4AV,40.97948731673006,0.0,0.0,0.0,40.592646295815015,11.680803432185487,65.74640882421183,223.5240470166406,0.0,98.55993749476224,0.0,0.0,1538.5836002084166,0.0,102.05304822448795,0.0,42.096723727150675
TCGA-C5-A7CG,267.71230138956236,0.0,74.03750763718276,0.0,1429.0516274213815,59.64384879651345,0.0,480.4215495671469,1387.7846259461237,0.0,0.0,0.0,3210.989007632842,0.0,0.0,0.0,61.94138495654232
TCGA-Q1-A5R2,253.38632112676396,0.0,0.0,213.9701497263212,0.0,77.71204310042107,96.3737460572111,1131.8780316653483,0.0,426.00905179960836,0.0,0.0,2185.0271050392134,159.7994462312783,0.0,0.0,0.0
TCGA-MY-A5BE,779.6417361302088,0.0,0.0,59.909535672938205,131.38972058692462,41.258067046014666,0.0,605.382289405939,0.0,48.9612827444042,0.0,0.0,7342.584098555726,0.0,172.9401839398871,0.0,0.0
TCGA-EK-A2RB,792.8988185147514,0.0,0.0,92.95452328777948,0.0,104.5336622010322,0.0,1227.4135266584708,0.0,0.0,0.0,0.0,9643.871622988288,0.0,0.0,0.0,419.65986804999204
TCGA-Q1-A5R1,176.92382651142293,0.0,0.0,0.0,0.0,68.38693822990257,0.0,617.6187527137295,0.0,0.0,0.0,0.0,2403.517690842742,0.0,0.0,0.0,174.40247778246325
TCGA-JW-A69B,296.5529344195421,0.0,0.0,0.0,67.21729888669296,66.95321933939833,0.0,336.90923470586233,0.0,131.85384334453147,0.0,10.604501036447536,2322.3954745996643,0.0,0.0,0.0,381.7729214701541
TCGA-C5-A2LT,195.1089639601331,0.0,0.0,70.6880171689292,0.0,34.166185759380504,0.0,587.6664205766428,0.0,72.65360197961752,0.0,0.0,2419.349418637289,0.0,0.0,0.0,0.0
TCGA-MA-AA3W,197.7321010804411,0.0,0.0,150.53511019070106,211.24247806309563,25.0039977515014,509.2302566458735,641.6476568043528,366.13360106691096,218.85944643174167,0.0,0.0,2331.5671595385065,24.197949753215223,0.0,115.16233709333765,0.0
TCGA-EK-A2RA,376.2846655320502,0.0,0.0,47.6860770952039,66.58723613892587,0.0,31.980735608214957,424.1771822233389,47.80209297641414,128.9846512765847,0.0,0.0,2344.6684486147014,172.51768379362116,0.0,0.0,0.0
TCGA-VS-A9UR,259.52572308937795,0.0,0.0,161.10402594964626,98.72434020759798,242.2901001171219,0.0,1612.6398553905292,40.15708263389939,197.43746460177277,44.117490261569,0.0,2208.3233906265455,80.23513182603563,0.0,0.0,0.0
TCGA-C5-A7X5,171.6559150959563,0.0,0.0,0.0,0.0,0.0,0.0,156.86800131870916,0.0,160.50479783200018,0.0,0.0,2821.4099629247585,0.0,0.0,0.0,152.32446321942138
TCGA-ZJ-AAXD,289.60107081135266,0.0,0.0,0.0,76.13372808349158,54.27354414934268,0.0,197.45999259531104,0.0,64.39043991217835,0.0,0.0,3624.411015596219,0.0,0.0,0.0,494.3350303448956
TCGA-VS-A8EC,820.8599618949281,0.0,0.0,174.73556607898664,376.5422908922609,65.3425012631614,85.3489520685921,1060.4097328899682,212.47613739246816,422.48774806471005,0.0,0.0,8092.495466127819,292.57454019880424,0.0,0.0,0.0
TCGA-Q1-A73S,239.94939546756734,0.0,0.0,0.0,41.07784274263645,32.383718413567095,0.0,290.5332258514296,0.0,0.0,0.0,0.0,2446.619606516162,29.732037838339835,0.0,0.0,0.0
TCGA-DS-A5RQ,297.87043310369165,0.0,0.0,194.555309914282,0.0,109.07783350817222,288.6356142479607,1262.693451123179,20.54745145069712,227.60168960018862,0.0,0.0,2521.034716903977,39.84371256945218,0.0,0.0,0.0
TCGA-ZJ-AAX8,878.3758469010547,0.0,0.0,0.0,0.0,430.0371031778326,719.7972287483533,1004.6358378624844,0.0,1457.3791874710516,679.4538692350111,0.0,8386.865703852818,430.0837062345863,606.2927268834214,278.3742375241336,443.76208361765714
TCGA-IR-A3LK,305.618218094843,0.0,0.0,137.49754402390928,6.008373304721175,119.0644675040456,0.0,1165.115481464905,0.0,51.77342484335378,0.0,0.0,2561.7981300069005,63.77331917203446,0.0,0.0,0.0
TCGA-FU-A3EO,107.69999352066495,0.0,0.0,113.40766861165169,60.09471582440776,0.0,49.11526035283024,435.10459175479394,29.83254552532047,311.92471230053786,0.0,0.0,1042.5945269945203,0.0,0.0,0.0,0.0
TCGA-C5-A7CL,231.38947292452002,0.0,0.0,0.0,0.0,80.89931440671197,0.0,258.75103846648426,0.0,0.0,0.0,0.0,2919.1581527548824,0.0,0.0,0.0,394.1447174251333
TCGA-JW-A5VK,715.6899993606864,0.0,0.0,85.93770365120193,90.50592419509869,111.36973909798198,0.0,1128.0311468304535,0.0,0.0,0.0,0.0,8528.417728296063,0.0,0.0,0.0,133.3372462722943
TCGA-MA-AA3Z,100.06652130763945,0.0,0.0,0.0,185.27240344033657,170.69323943888202,0.0,363.4342184785964,0.0,0.0,0.0,19.17770740985408,3134.926638138655,0.0,267.0409405694344,0.0,694.2401838148785
TCGA-RA-A741,259.97271759891913,0.0,0.0,0.0,106.8118667541764,57.46292123801162,0.0,370.8741981573232,0.0,211.80993971812308,0.0,0.0,3970.8686087051437,0.0,230.7320983117856,0.0,687.2804281088049
TCGA-C5-A2LZ,2243.014732027118,17882.47915884977,16142.694177495472,0.0,0.0,1957.9182469488003,3821.663686834031,0.0,0.0,0.0,3413.861936160626,7940.353060832377,4390.283469920533,0.0,0.0,0.0,2531.491305414944
TCGA-C5-A7UI,183.65009120221947,0.0,0.0,228.1487576601847,0.0,15.28458890153979,534.3265442008667,1028.7926724047504,0.0,496.1550763795352,0.0,0.0,2123.2896073306983,55.52129561299782,0.0,0.0,0.0
TCGA-C5-A8YT,302.86623563451644,0.0,0.0,124.6291050631052,108.69237841142532,26.3658145124937,404.2099343595757,696.411180742706,42.4694021120136,276.5473014117895,0.0,0.0,2158.2821633653602,134.3105850157167,0.0,0.0,0.0
TCGA-MY-A5BD,154.91503551162842,0.0,0.0,0.0,0.0,0.0,0.0,0.0,0.0,0.0,0.0,0.0,1565.935442675282,0.0,0.0,0.0,119.71692537348896
TCGA-HG-A9SC,443.78592834789316,0.0,0.0,19.92511698939574,0.0,104.15382274283768,0.0,697.1283897958543,110.38601707409299,190.07121286465295,52.83135905090588,0.0,4057.206372031741,121.30555144074225,0.0,0.0,0.0
TCGA-DS-A7WF,61.23373961160355,0.0,0.0,0.0,21.528477136723197,0.0,0.0,75.31020497714772,0.0,0.0,0.0,0.0,0.0,0.0,2312.7342518535565,0.0,3185.5022664490066
TCGA-EK-A3GK,1478.9898454352096,0.0,0.0,0.0,0.0,0.0,0.0,966.8109841880282,0.0,0.0,0.0,0.0,14186.001049862694,0.0,0.0,0.0,0.0
TCGA-EK-A2R8,203.81431151020553,0.0,0.0,56.79386804528438,0.0,39.20863439066853,0.0,393.3544046000043,0.0,0.0,0.0,0.0,1764.7187089834772,0.0,0.0,0.0,0.0
TCGA-FU-A2QG,0.0,0.0,0.0,130.22245361924593,0.0,0.0,0.0,754.4666706712303,0.0,89.320155425396,0.0,0.0,2181.7203298424347,0.0,0.0,0.0,0.0
TCGA-C5-A7CH,206.8976110163092,0.0,0.0,0.0,632.4358353208942,81.51655121324808,37.36035974975724,559.1717523211934,592.7555859755812,117.96988857206112,13.247674390112792,0.0,1482.5863261479062,0.0,0.0,0.0,0.0
TCGA-EK-A2R7,574.6937776024896,0.0,0.0,0.0,39.94834888277278,97.71162231469084,0.0,648.1049100096725,0.0,0.0,0.0,0.0,5939.778202326395,0.0,0.0,0.0,0.0
TCGA-EK-A2GZ,735.9899328184651,0.0,0.0,151.11456806063225,0.0,45.7136588562936,455.20987715999,793.0174009332387,0.0,429.55619959650676,0.0,0.0,2939.734837943813,289.41412699780835,0.0,0.0,0.0
TCGA-Q1-A73R,0.0,0.0,0.0,0.0,0.0,154.64799850896617,0.0,1498.2319287304483,0.0,0.0,0.0,0.0,6420.304501904464,0.0,0.0,0.0,446.6612316398837
TCGA-VS-A8EK,298.18004135668565,0.0,0.0,0.0,0.0,0.0,0.0,0.0,0.0,114.1533829236074,0.0,0.0,2806.312606893755,0.0,0.0,0.0,157.18824298846096
TCGA-C5-A7UE,186.74507641862755,0.0,0.0,55.70535874070593,122.7285948354394,94.97563431850519,0.0,467.5565926831947,0.0,95.66044564344284,0.0,17.307962468266943,4100.518199975294,0.0,340.6516286504434,0.0,889.8238836116234
TCGA-VS-A953,192.99751086967296,0.0,0.0,58.82733063826573,0.0,87.97277687721171,0.0,727.2011596833279,0.0,0.0,0.0,12.449829314653261,2715.0568262307743,0.0,0.0,0.0,301.4932055373076
TCGA-DS-A7WH,1076.5884665260587,0.0,0.0,0.0,55.80097390685282,76.83425985205402,680.0815150926035,753.90318486771,0.0,711.8179896257533,0.0,0.0,5138.760228303176,249.09824131134712,0.0,0.0,0.0
TCGA-LP-A4AU,362.393571330858,0.0,0.0,0.0,477.16293066364494,80.0933660936166,31.96446907215705,553.5271695683164,510.85581425341246,135.05781007135562,31.387012844615356,0.0,2534.5938887837383,86.88741532822573,0.0,0.0,0.0
TCGA-HG-A2PA,5535.431165305941,7384.167786142137,4306.027086648977,0.0,0.0,7639.274788954546,11835.221771605487,0.0,0.0,0.0,816.8450968498983,1891.1406049223008,15360.608327584088,0.0,935.6056548605708,1110.3133545970288,0.0
TCGA-C5-A2LY,444.1524030005644,0.0,0.0,0.0,39.48836436161822,15.52521827260489,85.6527378644405,345.41166984503013,0.0,138.560446039312,0.0,0.0,3143.4227875408214,220.00209303825352,0.0,0.0,0.0
TCGA-C5-A1BQ,372.400831687342,0.0,0.0,0.0,0.0,0.0,131.72999156747613,195.31284008076668,0.0,198.86653961003287,0.0,0.0,3531.467155433663,303.7148117216058,0.0,0.0,0.0
TCGA-IR-A3LB,227.12233531503614,0.0,0.0,54.18341737944222,30.171076771842213,110.73350124220335,0.0,745.6053925932748,0.0,125.58017228515152,0.0,0.0,1746.1403487696766,46.87583485442927,0.0,0.0,0.0
TCGA-C5-A8XJ,478.7931435261347,0.0,0.0,83.29791453590224,196.34567027268673,66.56990055929725,0.0,717.0952505493694,0.0,152.23354274446322,0.0,0.0,5543.824583980564,0.0,34.41886693642794,0.0,0.0
TCGA-ZJ-AAXA,1472.4514234944054,0.0,0.0,0.0,39.52239243153042,297.2254876103968,0.0,1558.3296101235858,0.0,122.7355494384778,135.92434669406384,0.0,11504.577611609766,326.99301566919024,0.0,0.0,0.0
TCGA-C5-A1M7,207.57412750415494,0.0,0.0,385.2979094242066,55.79730317653019,0.0,0.0,1796.6427916046052,0.0,1443.4274408897004,0.0,0.0,1994.3606044763492,92.01905797702643,0.0,0.0,0.0
TCGA-C5-A901,141.28794408575152,0.0,0.0,76.91287730504297,25.24901138399004,99.82302455284572,0.0,566.3603030514396,0.0,0.0,0.0,0.0,3241.413262026491,0.0,0.0,0.0,347.74065677788417
TCGA-ZJ-A8QO,180.05046181416463,0.0,0.0,196.7207922161525,110.46581367365758,128.71175358168028,0.0,1022.1695223725644,0.0,0.0,0.0,0.0,3719.598931336146,0.0,276.17152468557646,0.0,442.23569235178365
TCGA-DS-A1OD,445.6417863690755,0.0,0.0,94.6121445164951,267.6916050054839,0.0,212.63534412355415,537.5106441225528,393.5157986060861,232.7746800326019,0.0,0.0,3249.8755368443567,99.0406405827936,0.0,0.0,25.51602422153087
TCGA-VS-A9UP,687.65642242838,0.0,0.0,0.0,56.79138809188212,32.70645928237869,147.47398171609595,270.6786585289446,0.0,354.0818954632939,0.0,0.0,3588.933626617004,0.0,150.15598337646696,566.0507620357425,984.6731919889405
TCGA-ZJ-AB0H,567.1569517110534,0.0,0.0,0.0,0.0,0.0,81.17969340416579,535.3216650547585,0.0,219.70157823141267,0.0,0.0,4522.91715409281,432.0163433538265,330.8242528068964,0.0,168.43395389137436
TCGA-HM-A3JJ,287.8415513802686,0.0,0.0,98.64218734200432,6.89398700271822,59.76823353853529,0.0,747.2909602459805,0.0,137.96862523044913,0.0,0.0,1808.5913348613572,99.78137992406967,0.0,0.0,0.0
TCGA-IR-A3LH,443.4961905579918,0.0,0.0,69.07265743626769,0.0,90.99559847260838,0.0,685.1985882600244,0.0,185.73375581117176,0.0,0.0,2832.7091642009996,99.77491530342002,0.0,0.0,0.0
TCGA-VS-A959,200.28826282066603,0.0,0.0,27.89078765687563,69.9832708850636,79.12255626853701,0.0,291.13221213823874,0.0,80.75499685465596,0.0,0.0,3062.0680732407463,0.0,177.30462933668457,0.0,663.4627497802283
TCGA-EX-A3L1,169.16728400972826,0.0,0.0,0.0,0.0,32.78287452751603,0.0,270.70329429238734,0.0,31.921306640387243,0.0,0.0,1406.07799301279,52.80976828835091,0.0,0.0,0.0
TCGA-EK-A3GN,251.18366954234054,0.0,0.0,0.0,0.0,0.0,0.0,582.1645783879471,0.0,0.0,0.0,0.0,2698.6736112716007,0.0,0.0,0.0,0.0
TCGA-DS-A0VN,285.4847803453332,0.0,0.0,0.0,26.739374654060494,64.80049839127093,0.0,429.2007673464522,0.0,181.07202320904224,0.0,0.0,4025.6130545327555,0.0,97.06326641136775,0.0,562.4150272746217
TCGA-C5-A7CJ,816.3699510393632,0.0,0.0,116.4925419062214,195.65056031241454,55.18491543145488,0.0,814.3472873044655,0.0,62.2553187439507,0.0,0.0,9776.862720006942,0.0,0.0,0.0,0.0
TCGA-C5-A7CO,2160.4048785510918,0.0,0.0,0.0,0.0,99.63312303845144,797.9405892107822,610.7274476736544,0.0,638.3996505386613,302.3687646091006,0.0,2772.2671303688176,313.46167622389976,0.0,397.4342351261665,0.0
TCGA-XS-A8TJ,282.3031249737423,0.0,0.0,103.72945131063132,117.65754730695292,43.83787124273937,239.32737396003085,698.3494025930653,0.0,192.31058216384736,0.0,0.0,3012.747769871866,0.0,0.0,0.0,0.0
TCGA-EA-A6QX,155.5003632372148,0.0,0.0,0.0,0.0,25.57842548951546,41.6375618115749,219.71214869979423,0.0,132.3749813153523,0.0,0.0,1457.1005584505667,173.37587106768504,0.0,0.0,0.0
TCGA-EA-A3QE,314.4648924660451,0.0,0.0,0.0,263.92377695022174,61.30694620339368,25.67357082746539,414.5361601725713,151.8107985100024,0.0,0.0,0.0,2133.8045678534586,227.58875451425635,0.0,0.0,0.0
TCGA-ZJ-AB0I,351.10249567778874,0.0,0.0,0.0,0.0,62.46718604268719,0.0,570.8126403619409,0.0,0.0,0.0,0.0,3140.3475182146512,0.0,0.0,0.0,0.0
TCGA-VS-A9V0,2.228313708123827,0.0,0.7219796066806085,1.5465197150816543,0.0,3.3118376129463165,0.0,27.177132851061625,0.0,18.520911516778597,0.0,0.0,64.13348316419696,11.76815331321599,0.0,0.0,24.306999739438666
TCGA-VS-A9V1,487.9267532086503,0.0,0.0,73.12665451558013,79.54597052516189,27.848832623856676,0.0,550.494109481603,0.0,201.4478472397285,0.0,0.0,4458.139992531479,87.00909164304524,86.27596185215015,0.0,0.0
TCGA-EA-A4BA,399.3156983267685,0.0,0.0,0.0,0.0,0.0,0.0,0.0,0.0,0.0,0.0,0.0,4342.077206806356,0.0,0.0,0.0,0.0
TCGA-FU-A23K,86.75361241639445,0.0,0.0,0.0,0.0,70.10932498421332,0.0,423.4816924876734,0.0,0.0,0.0,0.0,1873.9122356067624,0.0,0.0,0.0,338.6531784790367
TCGA-FU-A23L,274.0708102322317,0.0,0.0,102.35742741644714,235.10576331598736,84.43098431515148,0.0,823.1446318523867,405.483949900527,0.0,0.0,0.0,2069.619767150209,0.0,0.0,0.0,0.0
TCGA-EA-A97N,308.20955911741567,0.0,0.0,0.0,0.0,56.6531334559258,0.0,538.3654660683424,0.0,0.0,0.0,0.0,3218.4790780257044,0.0,0.0,0.0,0.0
TCGA-ZJ-AAXB,189.46949683866293,0.0,0.0,86.8769880299082,134.05564319533426,148.66446613798553,0.0,794.9305759671965,0.0,122.35366484492066,0.0,130.10567186236995,5280.668530810094,0.0,394.36609990427536,0.0,1545.2889365234505
TCGA-C5-A2M1,206.10147985906383,0.0,0.0,241.7500638880398,41.017377393316075,55.49123821431056,306.2096145613888,1156.557269727212,0.0,507.9198479876224,0.0,0.0,2901.2444504925033,63.49201745093018,0.0,0.0,0.0
TCGA-C5-A1BN,878.2512803366151,0.0,0.0,107.35567045868528,0.0,0.0,47.05272877925089,531.1565082879242,0.0,265.22402978097745,0.0,0.0,5309.944980441389,600.4151043391507,0.0,0.0,0.0
TCGA-C5-A8XK,211.53711451039806,0.0,0.0,0.0,44.85115523933046,12.212441067733874,0.0,159.17468565670492,0.0,111.0495880253322,0.0,0.0,2692.840455138131,117.65693587884095,150.80186977779215,0.0,465.57323799388615
TCGA-C5-A1BI,480.3461016015767,0.0,0.0,0.0,37.54365843311081,153.6160032415259,0.0,676.1747775331963,0.0,84.75541414926062,49.37159645008165,0.0,4315.387517946547,201.86588211067937,0.0,0.0,0.0
TCGA-VS-A9U5,178.92640632774277,0.0,0.0,165.9645385696228,421.72629139578004,0.0,369.53761158834175,870.1349891130669,464.10372559617804,722.1618335389978,0.0,0.0,2312.9808250404585,76.20721703489717,0.0,0.0,0.0
TCGA-C5-A1MI,388.12570179495276,0.0,0.0,148.26497422528857,50.68267337757663,118.70397555914884,0.0,1140.8542883272376,0.0,44.60977060917764,0.0,0.0,3309.155798726234,115.21433708186532,0.0,0.0,0.0
TCGA-C5-A8XI,514.4946539102516,0.0,0.0,0.0,1830.4790355069877,31.496112655035645,81.75733630549102,554.4988585138653,1776.7675354867922,239.2128081548173,0.0,0.0,4321.200899288269,0.0,0.0,0.0,0.0
TCGA-FU-A57G,210.98269148597655,0.0,0.0,405.8564758415552,63.09210364051923,0.0,0.0,1864.2067261429,0.0,1081.8143067984624,0.0,0.0,1962.734035158337,123.26684469158126,0.0,0.0,0.0
TCGA-EA-A1QT,91.88349021756235,0.0,0.0,0.0,0.0,54.90241094144493,95.16090508044948,225.94950323019577,0.0,0.0,0.0,0.0,1438.8565740067743,0.0,0.0,0.0,152.22986761288325
TCGA-VS-A958,209.90464655711781,0.0,0.0,0.0,0.0,45.49079492692323,0.0,361.0052487042121,0.0,0.0,0.0,0.0,2203.7621947182124,69.06435722110739,0.0,0.0,0.0
TCGA-VS-A9U6,216.18910733773023,0.0,0.0,123.03348813791214,8.560237840818392,153.78659937548454,0.0,1129.13021328076,0.0,149.4813782813708,0.0,0.0,2067.9935792586816,31.880773722991805,0.0,0.0,0.0
TCGA-EA-A3HU,152.38385260816005,0.0,0.0,71.51027413331067,0.0,165.15620927979072,0.0,486.12586442191616,0.0,0.0,0.0,17.25564992829961,3461.965054398427,0.0,93.02398971572666,0.0,1147.3032283964212
TCGA-EK-A2RE,168.6998523398443,0.0,0.0,0.0,0.0,0.0,0.0,117.27649407030952,0.0,130.0106487368538,0.0,0.0,2430.683950963632,0.0,0.0,0.0,196.8696787309858
TCGA-VS-A954,122.0097408881633,0.0,0.0,286.912810988992,54.319948432656105,37.87419728315854,325.7101346416954,1270.3490141024502,29.30275707377367,648.9958139076784,0.0,0.0,2012.8526281079435,12.348992894499691,0.0,0.0,0.0
TCGA-VS-A9UI,0.0,0.0,0.0,392.8160383404975,266.6281205781865,597.1866860128948,0.0,2011.319922571051,0.0,0.0,0.0,310.0719733693088,5771.470871655696,0.0,913.8921935586953,0.0,4866.946766824623
TCGA-FU-A5XV,284.6705005879112,0.0,0.0,0.0,0.0,0.0,0.0,268.2809997059411,0.0,205.56275949659587,0.0,0.0,2911.544176804985,0.0,0.0,0.0,87.54846268482834
TCGA-EA-A3QD,172.29396704188304,0.0,0.0,5.814333840403478,0.0,56.48197477369585,0.0,295.01000299184625,0.0,0.0,0.0,0.0,1691.9943376127617,100.07751463097046,0.0,0.0,0.0
TCGA-VS-A952,205.62614212096864,0.0,0.0,99.80683950928528,44.90938228098904,99.0536163011718,0.0,823.395503806613,0.0,110.36217707012696,0.0,0.0,2164.20789287764,153.80715109133988,0.0,0.0,0.0
